time_utc	hour	main	point	trained	cp7_k	cp7_n	cp7_p	cp7_lo	cp7_hi	heur_k	heur_n	heur_p	heur_lo	heur_hi	unseen_k	unseen_n	graduated	ckpt
2026-09-14T22:50:57Z	0.449	M_D	start	6400	19	100	0.190	0.125	0.278	35	50	0.700	0.562	0.809	98	150	0	M_D_06400.pt
2026-09-14T23:08:31Z	0.741	M_L	start	6144	35	100	0.350	0.264	0.447	23	50	0.460	0.330	0.596	93	150	0	M_L_06144.pt
2026-09-14T23:14:03Z	0.834	M_W	start	1792	58	100	0.580	0.482	0.672	33	50	0.660	0.522	0.776	116	150	0	M_W_s1end.pt
2026-09-15T01:14:01Z	2.833	M_D	train	7424	18	100	0.180	0.117	0.267	32	50	0.640	0.501	0.759			0	M_D_07424.pt
2026-09-15T03:16:46Z	4.879	M_D	train	8448	9	100	0.090	0.048	0.162	25	50	0.500	0.366	0.634			0	M_D_08448.pt
2026-09-15T05:24:57Z	7.015	M_D	train	9472	8	100	0.080	0.041	0.150	26	50	0.520	0.385	0.652			0	M_D_09472.pt
2026-09-15T07:36:36Z	9.210	M_D	train	10496	31	100	0.310	0.228	0.406	38	50	0.760	0.626	0.857			0	M_D_10496.pt
2026-09-15T09:53:10Z	11.486	M_D	train	11520	33	100	0.330	0.246	0.427	39	50	0.780	0.648	0.872			0	M_D_11520.pt
2026-09-15T10:53:43Z	12.495	M_D	end	11776	21	100	0.210	0.142	0.300	32	50	0.640	0.501	0.759	95	150	0	M_D_11776.pt
