set	game	file	r	turns	creatures	first_creature_own_turn	lands_by4	lands	nin_windows	nin_taken	nin_opp_turns	flash_inst_off	flash_inst_taken	ctr_off	ctr_taken	rem_n	rem_best
b1_M_D_04096_heuristic	0	rec_b1_M_D_04096_heuristic.jsonl	-1.0	12	3	3	3	4	0	0	0	2	2	1	1	1	1	0	0	0
b1_M_D_04096_heuristic	1	rec_b1_M_D_04096_heuristic.jsonl	1.0	18	4	3	4	8	0	0	1	2	2	1	1	0	0	0	0	0
b1_M_D_04096_heuristic	2	rec_b1_M_D_04096_heuristic.jsonl	1.0	19	7	1	4	4	0	0	0	4	3	6	6	2	2	0	0	0
b1_M_D_04096_heuristic	3	rec_b1_M_D_04096_heuristic.jsonl	-1.0	25	4	2	4	8	0	0	0	3	3	2	2	1	1	1	1	1
b1_M_D_04096_heuristic	4	rec_b1_M_D_04096_heuristic.jsonl	1.0	37	4	8	3	12	0	0	0	3	3	2	2	0	0	1	1	1
b1_M_D_04096_heuristic	5	rec_b1_M_D_04096_heuristic.jsonl	1.0	22	4	1	4	6	0	0	0	3	3	2	2	2	1	0	0	0
b1_M_D_04096_heuristic	6	rec_b1_M_D_04096_heuristic.jsonl	1.0	19	7	0	2	5	0	0	0	3	3	0	0	1	1	0	0	0
b1_M_D_04096_heuristic	7	rec_b1_M_D_04096_heuristic.jsonl	1.0	22	3	4	4	9	2	2	0	4	3	1	1	0	0	1	1	1
b1_M_D_04096_heuristic	8	rec_b1_M_D_04096_heuristic.jsonl	-1.0	18	4	2	2	3	0	0	0	4	4	0	0	1	1	0	0	1
b1_M_D_04096_heuristic	9	rec_b1_M_D_04096_heuristic.jsonl	1.0	14	5	3	4	7	0	0	0	4	4	0	0	0	0	0	0	0
b1_M_D_04096_heuristic	10	rec_b1_M_D_04096_heuristic.jsonl	1.0	19	4	2	4	4	0	0	0	3	3	2	2	3	2	0	0	0
b1_M_D_04096_heuristic	11	rec_b1_M_D_04096_heuristic.jsonl	-1.0	15	3	3	4	4	0	0	0	3	3	0	0	0	0	1	1	0
b1_M_D_04096_heuristic	12	rec_b1_M_D_04096_heuristic.jsonl	-1.0	24	5	2	3	6	1	1	1	4	4	1	1	2	2	0	0	0
b1_M_D_04096_heuristic	13	rec_b1_M_D_04096_heuristic.jsonl	-1.0	21	3	6	1	4	0	0	0	3	3	1	1	1	1	0	0	0
b1_M_D_04096_heuristic	14	rec_b1_M_D_04096_heuristic.jsonl	1.0	11	4	2	5	6	0	0	0	5	4	0	0	1	1	0	0	0
b1_M_D_04096_heuristic	15	rec_b1_M_D_04096_heuristic.jsonl	1.0	22	4	4	2	7	0	0	0	3	3	1	1	1	1	0	0	0
b1_M_D_04096_heuristic	16	rec_b1_M_D_04096_heuristic.jsonl	-1.0	26	6	0	1	3	0	0	0	5	4	1	1	1	1	2	2	2
b1_M_D_04096_heuristic	17	rec_b1_M_D_04096_heuristic.jsonl	-1.0	15	4	1	4	6	0	0	0	2	2	1	1	1	0	0	0	0
b1_M_D_04096_heuristic	18	rec_b1_M_D_04096_heuristic.jsonl	-1.0	22	5	1	5	8	0	0	0	5	4	1	1	2	2	0	0	0
b1_M_D_04096_heuristic	19	rec_b1_M_D_04096_heuristic.jsonl	1.0	34	7	1	2	8	0	0	0	4	3	4	4	1	1	2	2	0
b1_M_D_04096_heuristic	20	rec_b1_M_D_04096_heuristic.jsonl	1.0	21	4	4	5	8	0	0	0	4	4	0	0	0	0	0	0	0
b1_M_D_04096_heuristic	21	rec_b1_M_D_04096_heuristic.jsonl	-1.0	27	6	3	4	13	0	0	0	3	3	2	0	3	3	0	0	0
b1_M_D_04096_heuristic	22	rec_b1_M_D_04096_heuristic.jsonl	1.0	17	7	2	3	5	1	1	1	5	5	1	1	1	1	1	1	1
b1_M_D_04096_heuristic	23	rec_b1_M_D_04096_heuristic.jsonl	1.0	20	6	4	3	6	0	0	0	5	5	2	2	2	2	0	0	0
b1_M_D_04096_heuristic	24	rec_b1_M_D_04096_heuristic.jsonl	-1.0	18	6	1	5	6	0	0	0	5	5	3	3	1	1	0	0	0
b1_M_D_04096_heuristic	25	rec_b1_M_D_04096_heuristic.jsonl	-1.0	17	8	2	4	8	0	0	0	4	4	1	1	1	0	1	1	2
b1_M_D_04096_heuristic	26	rec_b1_M_D_04096_heuristic.jsonl	-1.0	20	4	4	5	10	0	0	0	3	3	0	0	0	0	0	0	0
b1_M_D_04096_heuristic	27	rec_b1_M_D_04096_heuristic.jsonl	1.0	18	3	6	2	5	0	0	0	3	2	0	0	2	1	0	0	0
b1_M_D_04096_heuristic	28	rec_b1_M_D_04096_heuristic.jsonl	1.0	19	4	0	3	6	0	0	0	4	3	0	0	1	1	1	1	1
b1_M_D_04096_heuristic	29	rec_b1_M_D_04096_heuristic.jsonl	-1.0	15	2	6	4	6	0	0	0	1	1	0	0	0	0	0	0	0
b1_M_D_04096_heuristic	30	rec_b1_M_D_04096_heuristic.jsonl	-1.0	28	4	4	5	9	0	0	0	3	3	2	2	0	0	1	1	1
b1_M_D_04096_heuristic	31	rec_b1_M_D_04096_heuristic.jsonl	1.0	12	2	2	4	6	1	1	1	0	0	2	2	0	0	0	0	0
b1_M_D_04096_heuristic	32	rec_b1_M_D_04096_heuristic.jsonl	1.0	9	4	0	5	5	1	1	1	1	1	0	0	0	0	0	0	0
b1_M_D_04096_heuristic	33	rec_b1_M_D_04096_heuristic.jsonl	1.0	16	1	6	4	6	0	0	0	0	0	0	0	0	0	2	2	2
b1_M_D_04096_heuristic	34	rec_b1_M_D_04096_heuristic.jsonl	-1.0	15	6	2	3	6	0	0	0	4	4	0	0	0	0	1	1	1
b1_M_D_04096_heuristic	35	rec_b1_M_D_04096_heuristic.jsonl	-1.0	21	5	1	4	5	0	0	0	4	3	3	3	0	0	1	1	0
b1_M_D_04096_heuristic	36	rec_b1_M_D_04096_heuristic.jsonl	-1.0	14	2	3	3	5	0	0	0	1	1	1	1	0	0	1	1	0
b1_M_D_04096_heuristic	37	rec_b1_M_D_04096_heuristic.jsonl	-1.0	23	2	5	3	7	0	0	0	3	2	2	2	1	1	1	1	1
b1_M_D_04096_heuristic	38	rec_b1_M_D_04096_heuristic.jsonl	1.0	17	7	0	4	8	0	0	0	4	4	0	0	0	0	1	1	1
b1_M_D_04096_heuristic	39	rec_b1_M_D_04096_heuristic.jsonl	-1.0	19	5	2	4	6	0	0	0	3	3	2	2	1	0	0	0	0
b1_M_D_04096_heuristic	40	rec_b1_M_D_04096_heuristic.jsonl	-1.0	18	2	1	5	8	0	0	0	2	1	0	0	2	2	0	0	0
b1_M_D_04096_heuristic	41	rec_b1_M_D_04096_heuristic.jsonl	-1.0	11	3	1	4	5	0	0	0	1	1	1	1	0	0	0	0	0
b1_M_D_04096_heuristic	42	rec_b1_M_D_04096_heuristic.jsonl	-1.0	16	4	1	5	8	0	0	0	2	2	1	1	1	0	0	0	0
b1_M_D_04096_heuristic	43	rec_b1_M_D_04096_heuristic.jsonl	1.0	26	6	4	4	12	0	0	0	5	5	2	2	0	0	1	1	0
b1_M_D_04096_heuristic	44	rec_b1_M_D_04096_heuristic.jsonl	1.0	21	6	0	5	6	0	0	0	5	5	1	1	0	0	1	1	2
b1_M_D_04096_heuristic	45	rec_b1_M_D_04096_heuristic.jsonl	-1.0	11	0	None	4	5	0	0	0	1	1	0	0	2	2	0	0	0
b1_M_D_04096_heuristic	46	rec_b1_M_D_04096_heuristic.jsonl	1.0	21	6	1	5	6	0	0	0	5	5	1	1	2	2	0	0	0
b1_M_D_04096_heuristic	47	rec_b1_M_D_04096_heuristic.jsonl	-1.0	13	3	3	4	6	0	0	0	1	1	0	0	0	0	0	0	0
b1_M_D_04096_heuristic	48	rec_b1_M_D_04096_heuristic.jsonl	1.0	19	5	1	4	5	0	0	0	3	3	1	1	0	0	2	2	2
b1_M_D_04096_heuristic	49	rec_b1_M_D_04096_heuristic.jsonl	1.0	22	4	6	2	6	0	0	0	7	5	1	1	3	3	0	0	0
