game,first_mismatch_turn,first_fail_turn,first_fail_seat,first_fail_kind,first_fail_why,n_fails
0,7,9,U,ATTACK,no_attacker_absent,3
1,5,,,,,0
2,9,9,U,LAND,not_in_hand,10
3,3,8,U,DRAW,not_in_library_graveyard,11
4,5,5,O,CAST,not_playable,3
5,4,10,U,DRAW,not_in_library_battlefield,10
6,6,8,U,LAND,not_in_hand,42
7,8,8,O,ATTACK,no_attacker_absent,16
8,9,9,O,SWAP,not_in_library_graveyard,2
9,9,9,U,DRAW,not_in_library_graveyard,11
10,4,8,U,DRAW,not_in_library_hand,19
11,7,12,O,SWAP,no_spare_hand_grew,13
12,6,7,O,SWAP,not_in_library_missing,4
13,4,9,U,LAND,not_in_hand,16
14,7,9,U,ATTACK,no_attacker_absent,21
15,6,7,O,SWAP,not_in_library_missing,17
16,7,7,U,DRAW,not_in_library_graveyard,20
17,8,8,O,CASTI,not_playable,20
18,6,6,U,LAND,not_in_hand,14
19,10,15,O,SWAP,no_spare_hand_grew,10
20,3,5,U,ATTACK,no_attacker_absent,3
21,3,8,O,CAST,activate_failed,12
22,3,5,U,DRAW,not_in_library_graveyard,13
23,7,9,U,CAST,not_in_hand,14
24,6,8,O,SWAP,not_in_library_graveyard,8
25,5,7,U,LAND,not_in_hand,28
26,5,5,U,DRAW,not_in_library_graveyard,14
27,5,5,O,CAST,not_playable,9
28,7,10,O,ATTACK,no_attacker_tapped,14
29,8,11,O,SWAP,not_in_library_graveyard,12
30,5,7,U,LAND,not_in_hand,5
31,7,9,O,SWAP,not_in_library_missing,6
32,6,6,U,DRAW,not_in_library_graveyard,6
33,5,6,O,CASTI,not_playable,13
34,8,8,U,ATTACK,no_attacker_tapped,3
35,4,5,U,LAND,not_in_hand,17
36,6,13,O,SWAP,not_in_library_battlefield,7
37,8,10,U,DRAW,not_in_library_graveyard,25
38,8,10,U,DRAW,not_in_library_hand,8
39,8,9,U,LAND,not_in_hand,3
40,5,9,U,DRAW,not_in_library_graveyard,28
41,4,5,U,DRAW,not_in_library_battlefield,27
42,8,9,O,ATTACK,no_attacker_absent,6
43,9,18,U,LAND,not_in_hand,6
44,8,16,O,CAST,activate_failed,7
45,11,12,O,CAST,not_playable,15
46,7,,,,,0
47,10,12,U,DRAW,not_in_library_battlefield,9
48,7,9,U,CAST,not_in_hand,8
49,4,4,O,BLOCK,no_blocker,21
50,4,11,U,ATTACK,no_attacker_absent,8
51,7,10,O,CAST,not_playable,8
52,4,5,U,CAST,not_playable,8
53,7,11,U,DRAW,not_in_library_graveyard,5
54,7,7,O,BLOCK,no_blocker,1
55,8,9,O,SWAP,not_in_library_graveyard,6
56,6,8,O,CASTI,not_playable,6
57,9,9,O,BLOCK,no_blocker,7
58,10,10,U,CAST,not_in_hand,27
59,4,5,U,BLOCK,no_blocker,16
60,4,5,U,LAND,not_in_hand,29
61,8,8,O,SWAP,not_in_library_graveyard,14
62,7,10,U,DRAW,not_in_library_graveyard,11
63,17,19,U,ATTACK,no_attacker_absent,13
64,10,10,O,BLOCK,no_blocker,1
65,5,9,O,ATTACK,no_attacker_absent,12
66,7,9,U,CAST,not_in_hand,14
67,11,12,O,SWAP,not_in_library_graveyard,15
68,6,8,U,LAND,not_in_hand,9
69,7,8,U,ATTACK,no_attacker_absent,16
70,5,7,U,CAST,not_playable,19
71,7,4,O,CASTI,not_playable,6
72,5,5,O,CAST,not_playable,8
73,6,6,U,DRAW,not_in_library_graveyard,11
74,5,7,U,ATTACK,no_attacker_tapped,21
75,4,6,U,DRAW,not_in_library_battlefield,11
76,6,7,O,BLOCK,no_blocker,10
77,9,13,U,ATTACK,no_attacker_absent,10
78,8,8,O,CAST,not_playable,11
79,10,10,O,CAST,activate_failed,8
80,6,11,U,CAST,not_in_hand,11
81,5,5,U,DRAW,not_in_library_graveyard,9
82,4,,,,,0
83,7,7,U,ATTACK,no_attacker_tapped,11
84,4,10,U,CAST,not_in_hand,4
85,5,7,O,SWAP,not_in_library_battlefield,21
86,5,6,O,CASTI,not_playable,25
87,5,7,U,ATTACK,no_attacker_absent,18
88,4,4,U,DRAW,not_in_library_graveyard,21
89,5,5,U,CAST,not_playable,12
90,8,19,U,LAND,not_in_hand,5
91,11,12,O,ATTACK,no_attacker_tapped,5
92,5,5,U,DRAW,not_in_library_graveyard,25
93,13,15,U,CAST,not_in_hand,27
94,6,8,O,ATTACK,no_attacker_absent,5
95,7,12,O,CAST,activate_failed,7
96,9,10,O,SWAP,not_in_library_missing,3
97,10,11,U,DRAW,not_in_library_battlefield,7
98,5,6,U,DRAW,not_in_library_graveyard,16
99,5,6,U,BLOCK,no_blocker,19
100,4,8,U,DRAW,not_in_library_graveyard,12
101,9,3,O,SWAP,not_in_library_missing,5
102,6,7,U,LAND,not_in_hand,7
103,4,11,O,SWAP,not_in_library_missing,10
104,9,9,U,LAND,not_in_hand,13
105,4,4,U,CAST,not_in_hand,12
106,6,10,U,ATTACK,no_attacker_absent,7
107,9,9,O,ATTACK,no_attacker_absent,4
108,6,7,O,SWAP,not_in_library_missing,7
109,5,7,U,DRAW,not_in_library_battlefield,10
110,7,9,U,ATTACK,no_attacker_absent,4
111,5,7,U,ATTACK,no_attacker_absent,13
112,8,8,U,LAND,not_in_hand,11
113,9,9,U,DRAW,not_in_library_graveyard,6
114,1,1,U,LAND,not_in_hand,15
115,8,9,U,DRAW,not_in_library_hand,6
116,8,12,O,CAST,not_playable,2
117,6,8,U,DRAW,not_in_library_graveyard,17
118,8,8,U,CAST,not_in_hand,7
119,3,9,O,ATTACK,no_attacker_absent,1
120,5,14,O,SWAP,not_in_library_graveyard,8
121,4,8,U,BLOCK,no_blocker,6
122,9,9,U,CAST,not_playable,1
123,5,5,U,DRAW,not_in_library_hand,11
124,5,5,O,CAST,activate_failed,18
125,7,7,U,DRAW,not_in_library_graveyard,3
126,5,11,U,DRAW,not_in_library_battlefield,18
127,6,6,O,CAST,activate_failed,22
128,4,4,O,CAST,not_playable,7
129,5,5,O,CAST,not_playable,1
130,4,6,U,DRAW,not_in_library_graveyard,10
131,10,10,O,SWAP,not_in_library_battlefield,14
132,7,9,U,CAST,not_in_hand,30
133,13,14,U,BLOCK,no_blocker,4
134,3,5,U,DRAW,not_in_library_hand,13
135,6,8,U,DRAW,not_in_library_hand,23
136,6,9,O,SWAP,not_in_library_graveyard,15
137,7,7,U,DRAW,not_in_library_graveyard,7
138,9,9,O,SWAP,not_in_library_graveyard,5
139,4,5,U,LAND,not_in_hand,15
140,6,6,U,CAST,activate_failed,19
141,7,11,U,BLOCK,no_blocker,18
142,4,5,U,LAND,not_in_hand,15
143,12,9,O,LAND,not_playable,22
144,10,10,O,ATTACK,no_attacker_absent,23
145,5,6,U,BLOCK,no_blocker,25
146,6,7,O,ATTACK,no_attacker_absent,11
147,6,8,O,SWAP,not_in_library_graveyard,14
148,7,6,O,SWAP,not_in_library_missing,9
149,6,8,U,DRAW,not_in_library_graveyard,27
150,9,11,U,DRAW,not_in_library_battlefield,41
151,8,8,O,BLOCK,no_blocker,22
152,6,6,O,CAST,activate_failed,27
153,5,8,U,BLOCK,no_blocker,13
154,6,6,U,DRAW,not_in_library_graveyard,17
155,3,8,U,BLOCK,no_blocker,17
156,6,7,U,ATTACK,no_attacker_absent,18
157,3,5,U,CAST,not_in_hand,14
158,6,11,U,DRAW,not_in_library_graveyard,40
159,5,5,O,SWAP,not_in_library_graveyard,8
160,7,9,U,LAND,not_in_hand,17
161,4,6,U,BLOCK,no_blocker,13
162,9,10,U,CAST,not_in_hand,1
163,4,5,U,BLOCK,no_blocker,12
164,5,5,U,LAND,not_in_hand,11
165,5,5,U,DRAW,not_in_library_graveyard,4
166,10,8,O,CASTI,not_playable,2
167,6,6,U,DRAW,not_in_library_graveyard,27
168,5,11,U,ATTACK,no_attacker_absent,4
169,3,5,U,DRAW,not_in_library_battlefield,18
170,7,8,U,CASTI,not_in_hand,2
171,9,4,O,CASTI,not_playable,4
172,7,7,U,LAND,not_in_hand,11
173,3,5,U,DRAW,not_in_library_hand,15
174,8,5,O,SWAP,not_in_library_missing,5
175,6,3,O,SWAP,not_in_library_missing,2
176,8,10,U,CAST,not_in_hand,4
177,11,12,U,CAST,not_in_hand,6
178,6,10,U,LAND,not_in_hand,4
179,9,17,O,SWAP,no_spare_hand_grew,1
180,4,9,O,SWAP,not_in_library_graveyard,10
181,6,6,O,BLOCK,no_blocker,4
182,5,7,U,LAND,not_in_hand,9
183,5,13,U,CAST,not_in_hand,4
184,10,14,O,SWAP,not_in_library_missing,1
185,5,11,U,LAND,not_in_hand,4
186,6,6,O,ATTACK,no_attacker_sick_or_cannot,20
187,12,14,O,SWAP,not_in_library_battlefield,18
188,9,12,O,ATTACK,no_attacker_absent,4
189,5,10,O,CAST,not_playable,5
190,6,6,O,CAST,activate_failed,23
191,3,11,U,DRAW,not_in_library_battlefield,15
192,5,8,U,BLOCK,no_blocker,8
193,10,13,O,SWAP,no_spare_hand_grew,43
194,8,10,U,ATTACK,no_attacker_absent,6
195,3,7,U,DRAW,not_in_library_graveyard,15
196,6,6,U,DRAW,not_in_library_graveyard,11
197,9,11,O,SWAP,no_spare_hand_grew,17
198,6,7,U,ATTACK,no_attacker_absent,4
199,6,6,O,CAST,activate_failed,45
200,5,14,O,SWAP,not_in_library_missing,5
201,6,10,U,LAND,not_in_hand,14
202,8,10,O,SWAP,not_in_library_graveyard,11
203,7,7,O,ATTACK,no_attacker_absent,12
204,7,12,U,CAST,not_in_hand,17
205,3,5,U,CAST,not_in_hand,14
206,8,11,U,DRAW,not_in_library_battlefield,14
207,10,7,O,SWAP,not_in_library_missing,8
208,10,10,U,LAND,not_in_hand,25
209,6,14,O,SWAP,no_spare_hand_grew,4
210,7,11,U,DRAW,not_in_library_battlefield,9
211,7,7,O,SWAP,not_in_library_graveyard,14
212,7,10,O,SWAP,not_in_library_graveyard,14
213,6,6,U,CAST,not_playable,7
214,8,8,U,BLOCK,no_legal_assignment,5
215,4,6,U,DRAW,not_in_library_battlefield,20
216,5,9,U,LAND,not_in_hand,3
217,5,6,U,LAND,not_in_hand,7
218,12,15,O,SWAP,no_spare_hand_grew,3
219,7,11,U,ATTACK,no_attacker_tapped,3
220,5,7,U,DRAW,not_in_library_battlefield,17
221,6,7,U,DRAW,not_in_library_graveyard,15
222,6,,,,,0
223,11,11,U,LAND,not_in_hand,2
224,6,8,O,BLOCK,no_blocker,8
225,6,8,U,ATTACK,no_attacker_absent,8
226,4,8,U,DRAW,not_in_library_graveyard,10
227,3,8,O,SWAP,not_in_library_graveyard,33
228,5,5,U,DRAW,not_in_library_graveyard,16
229,6,10,O,CASTI,not_playable,12
230,4,10,U,CAST,not_in_hand,9
231,6,6,U,DRAW,not_in_library_graveyard,16
232,7,9,O,ATTACK,no_attacker_absent,1
233,6,7,O,SWAP,not_in_library_missing,24
234,5,5,U,CAST,not_in_hand,17
235,6,9,U,ATTACK,no_attacker_absent,15
236,6,13,U,CAST,not_in_hand,2
237,7,9,U,CASTI,not_playable,9
238,7,11,O,BLOCK,no_blocker,10
239,7,9,O,SWAP,not_in_library_graveyard,8
240,5,7,O,ATTACK,no_attacker_absent,7
241,5,7,U,LAND,not_in_hand,9
242,4,8,U,ATTACK,no_attacker_absent,3
243,8,8,U,BLOCK,no_blocker,5
244,6,7,U,DRAW,not_in_library_hand,9
245,7,7,U,BLOCK,no_blocker,6
246,5,5,U,DRAW,not_in_library_hand,13
247,3,3,U,DRAW,not_in_library_graveyard,19
248,,,,,,0
249,4,10,U,CAST,not_in_hand,7
250,7,9,O,SWAP,not_in_library_graveyard,7
251,10,16,O,SWAP,not_in_library_graveyard,9
252,5,7,U,DRAW,not_in_library_graveyard,14
253,6,7,U,LAND,not_in_hand,17
254,5,7,U,LAND,not_in_hand,16
255,14,14,U,CAST,not_in_hand,8
256,7,8,U,ATTACK,no_attacker_absent,35
257,8,8,U,DRAW,not_in_library_graveyard,3
258,6,7,U,ATTACK,no_attacker_absent,12
259,9,9,U,CAST,not_in_hand,24
260,4,8,U,CAST,not_in_hand,2
261,7,15,U,ATTACK,no_attacker_absent,7
262,9,15,O,SWAP,not_in_library_graveyard,9
263,4,5,O,BLOCK,no_blocker,23
264,7,6,O,CASTI,not_playable,6
265,5,11,U,LAND,not_in_hand,10
266,10,10,O,SWAP,not_in_library_graveyard,10
267,11,11,O,BLOCK,no_blocker,9
268,7,7,O,BLOCK,no_blocker,23
269,10,12,U,LAND,not_in_hand,1
270,3,3,U,CAST,not_in_hand,19
271,8,10,U,ATTACK,no_attacker_absent,7
272,5,9,U,LAND,not_in_hand,18
273,5,9,U,CAST,not_in_hand,1
274,6,8,U,ATTACK,no_attacker_absent,3
275,5,9,O,ATTACK,no_attacker_absent,2
276,4,5,U,LAND,not_in_hand,5
277,5,5,U,DRAW,not_in_library_graveyard,18
278,9,9,U,LAND,not_in_hand,2
279,12,12,O,SWAP,not_in_library_graveyard,6
280,8,12,O,SWAP,not_in_library_battlefield,16
281,4,6,U,DRAW,not_in_library_hand,9
282,4,4,O,BLOCK,no_blocker,15
283,5,7,U,DRAW,not_in_library_hand,7
284,6,7,U,BLOCK,no_blocker,3
285,10,11,O,SWAP,no_spare_hand_grew,2
286,10,10,U,DRAW,not_in_library_graveyard,6
287,6,6,U,DRAW,not_in_library_graveyard,9
288,7,7,U,CAST,not_in_hand,18
289,9,11,O,ATTACK,no_attacker_absent,3
290,9,13,O,BLOCK,no_blocker,3
291,9,12,U,BLOCK,no_blocker,7
292,7,11,U,CAST,not_in_hand,6
293,7,7,O,ATTACK,no_attacker_absent,4
294,8,13,U,BLOCK,no_blocker,1
295,6,13,U,CAST,not_in_hand,6
296,3,7,U,DRAW,not_in_library_hand,7
297,7,7,U,BLOCK,no_blocker,1
298,8,9,O,CAST,not_playable,12
299,7,7,O,CAST,not_playable,12
300,16,15,O,SWAP,not_in_library_missing,9
301,6,8,O,SWAP,not_in_library_graveyard,2
302,10,8,O,SWAP,not_in_library_missing,11
303,5,6,O,SWAP,not_in_library_missing,8
304,10,12,O,SWAP,not_in_library_graveyard,4
305,2,4,O,CASTI,not_playable,7
306,6,6,O,BLOCK,no_blocker,7
307,6,,,,,0
308,4,8,U,CAST,not_in_hand,14
309,6,6,O,BLOCK,no_blocker,15
310,1,6,U,LAND,not_in_hand,7
311,5,18,O,CAST,not_playable,15
312,6,10,U,ATTACK,no_attacker_absent,17
313,8,8,O,CAST,activate_failed,24
314,7,9,O,SWAP,not_in_library_graveyard,8
315,7,7,O,CAST,activate_failed,1
316,9,10,U,DRAW,not_in_library_graveyard,10
317,5,6,U,BLOCK,no_blocker,8
318,9,9,U,CAST,not_in_hand,7
319,4,4,U,CAST,not_playable,4
320,4,4,O,CAST,not_playable,2
321,3,5,U,ATTACK,no_attacker_absent,22
322,5,7,U,DRAW,not_in_library_battlefield,10
323,4,8,U,CAST,not_in_hand,4
324,7,7,O,ATTACK,no_attacker_absent,4
325,8,8,O,CAST,not_playable,14
326,3,5,U,DRAW,not_in_library_battlefield,6
327,6,6,O,SWAP,not_in_library_graveyard,25
328,8,9,U,LAND,not_in_hand,16
329,7,7,O,SWAP,not_in_library_missing,5
330,5,5,U,ATTACK,no_attacker_tapped,10
331,8,9,U,CAST,not_in_hand,10
332,5,5,U,DRAW,not_in_library_graveyard,4
333,5,5,O,BLOCK,no_blocker,25
334,7,7,O,SWAP,not_in_library_graveyard,5
335,5,7,U,ATTACK,no_attacker_absent,30
336,6,6,O,BLOCK,no_blocker,15
337,3,5,U,LAND,not_in_hand,7
338,4,7,U,BLOCK,no_blocker,24
339,8,9,U,BLOCK,no_blocker,17
340,7,11,U,CAST,not_in_hand,10
341,10,12,O,ATTACK,no_attacker_tapped,5
342,8,14,U,DRAW,not_in_library_hand,27
343,4,16,O,ATTACK,no_attacker_absent,12
344,3,3,U,CAST,activate_failed,11
345,5,7,U,ATTACK,no_attacker_absent,6
346,7,9,U,BLOCK,no_blocker,16
347,11,11,O,ATTACK,no_attacker_sick_or_cannot,10
348,3,7,U,CAST,not_in_hand,6
349,4,4,O,CAST,not_playable,16
350,6,6,U,LAND,not_in_hand,18
351,8,,,,,0
352,5,7,U,DRAW,not_in_library_hand,17
353,5,6,U,BLOCK,no_blocker,5
354,6,6,O,BLOCK,no_blocker,9
355,7,12,U,LAND,not_in_hand,12
356,4,8,U,ATTACK,no_attacker_absent,22
357,3,5,U,ATTACK,no_attacker_absent,10
358,7,7,U,LAND,not_in_hand,7
359,6,9,O,SWAP,not_in_library_graveyard,18
360,6,8,O,CAST,not_playable,4
361,7,7,U,CAST,not_in_hand,2
362,7,10,U,CAST,activate_failed,5
363,7,9,U,DRAW,not_in_library_battlefield,16
364,8,10,U,DRAW,not_in_library_battlefield,15
365,5,5,U,LAND,not_in_hand,8
366,5,7,U,DRAW,not_in_library_battlefield,9
367,6,8,U,ATTACK,no_attacker_absent,18
368,7,7,O,ATTACK,no_attacker_sick_or_cannot,17
369,7,7,U,BLOCK,no_blocker,6
370,11,23,U,CAST,not_in_hand,6
371,3,8,U,DRAW,not_in_library_battlefield,34
372,5,5,O,CAST,not_playable,15
373,7,7,U,LAND,not_in_hand,21
374,4,9,O,SWAP,not_in_library_graveyard,2
375,5,6,O,CASTI,not_playable,1
376,7,9,U,LAND,not_in_hand,26
377,7,9,O,CAST,not_playable,6
378,4,4,U,DRAW,not_in_library_graveyard,24
379,7,7,O,CAST,not_playable,4
380,10,,,,,0
381,6,6,U,CAST,not_playable,10
382,8,9,O,SWAP,no_spare_hand_grew,10
383,11,12,U,ATTACK,no_attacker_absent,6
384,6,8,U,LAND,not_in_hand,31
385,4,6,U,DRAW,not_in_library_hand,15
386,8,12,U,DRAW,not_in_library_graveyard,6
387,7,7,U,DRAW,not_in_library_graveyard,9
388,8,9,U,BLOCK,no_blocker,4
389,7,7,U,ATTACK,no_attacker_tapped,4
390,6,10,U,LAND,not_in_hand,3
391,3,3,U,LAND,not_in_hand,7
392,10,12,U,DRAW,not_in_library_elsewhere,14
393,7,7,U,LAND,not_in_hand,1
394,5,5,O,BLOCK,no_blocker,6
395,9,9,O,CAST,not_playable,5
396,8,,,,,0
397,4,5,U,ATTACK,no_attacker_absent,15
398,4,6,U,DRAW,not_in_library_battlefield,9
399,6,9,O,SWAP,not_in_library_missing,13
400,9,12,O,CAST,not_playable,9
401,10,10,U,LAND,not_in_hand,28
402,5,5,U,DRAW,not_in_library_graveyard,30
403,6,6,O,CAST,not_playable,12
404,7,7,U,LAND,not_in_hand,15
405,8,10,O,SWAP,not_in_library_graveyard,14
406,5,14,O,SWAP,not_in_library_graveyard,2
407,5,5,U,LAND,not_in_hand,9
408,9,11,O,SWAP,no_spare_hand_grew,5
409,10,13,U,DRAW,not_in_library_hand,9
410,5,4,O,SWAP,not_in_library_missing,16
411,8,8,U,DRAW,not_in_library_graveyard,6
412,9,14,U,LAND,not_in_hand,3
413,6,7,O,CAST,activate_failed,9
414,7,9,U,ATTACK,no_attacker_absent,7
415,8,10,O,SWAP,not_in_library_graveyard,4
416,7,7,O,BLOCK,no_blocker,6
417,5,11,U,DRAW,not_in_library_battlefield,19
418,7,10,U,DRAW,not_in_library_battlefield,19
419,,,,,,0
420,6,10,U,CAST,not_in_hand,9
421,5,5,U,CAST,not_in_hand,3
422,10,12,U,DRAW,not_in_library_battlefield,1
423,7,8,O,ATTACK,no_attacker_absent,12
424,8,12,U,DRAW,not_in_library_battlefield,4
425,6,8,U,LAND,not_in_hand,13
426,7,9,O,SWAP,not_in_library_missing,5
427,6,3,O,SWAP,not_in_library_missing,8
428,7,9,O,SWAP,not_in_library_graveyard,7
429,4,8,U,CAST,not_in_hand,7
430,12,14,U,DRAW,not_in_library_hand,15
431,3,5,U,ATTACK,no_attacker_absent,15
432,4,6,U,CAST,not_in_hand,4
433,5,6,U,BLOCK,no_blocker,13
434,8,9,U,CAST,activate_failed,11
435,3,5,U,LAND,not_in_hand,7
436,6,8,O,BLOCK,no_blocker,10
437,3,7,U,DRAW,not_in_library_hand,10
438,4,7,U,CAST,not_playable,2
439,6,8,U,ATTACK,no_attacker_absent,1
440,7,7,U,CAST,not_playable,9
441,6,6,U,DRAW,not_in_library_graveyard,19
442,9,11,U,DRAW,not_in_library_graveyard,2
443,15,15,O,CAST,not_playable,1
444,5,5,O,SWAP,not_in_library_graveyard,18
445,3,3,U,DRAW,not_in_library_graveyard,12
446,12,12,O,SWAP,not_in_library_battlefield,2
447,7,8,O,CAST,not_playable,4
448,5,7,U,LAND,not_in_hand,44
449,8,9,U,LAND,not_in_hand,3
450,6,6,O,CAST,activate_failed,7
451,5,9,U,DRAW,not_in_library_battlefield,3
452,8,10,O,SWAP,no_spare_hand_grew,2
453,6,6,U,DRAW,not_in_library_graveyard,25
454,6,6,U,DRAW,not_in_library_graveyard,2
455,3,5,U,ATTACK,no_attacker_absent,5
456,5,11,U,LAND,not_in_hand,4
457,7,10,U,LAND,not_in_hand,9
458,6,6,U,DRAW,not_in_library_graveyard,6
459,7,5,O,SWAP,not_in_library_missing,13
460,5,5,U,LAND,not_in_hand,5
461,5,11,U,BLOCK,no_blocker,2
462,6,8,O,CASTI,not_playable,12
463,7,7,O,ATTACK,no_attacker_absent,4
464,5,7,O,ATTACK,no_attacker_tapped,10
465,2,4,O,CASTI,not_playable,8
466,9,10,U,LAND,not_in_hand,17
467,5,6,U,LAND,not_in_hand,9
468,6,6,U,DRAW,not_in_library_graveyard,26
469,7,7,U,LAND,not_in_hand,24
470,10,12,U,DRAW,not_in_library_graveyard,20
471,4,5,U,LAND,not_in_hand,8
472,7,8,O,BLOCK,no_blocker,15
473,9,10,U,DRAW,not_in_library_elsewhere,12
474,8,8,U,LAND,not_in_hand,7
475,8,11,U,BLOCK,no_blocker,7
476,8,8,U,DRAW,not_in_library_graveyard,16
477,3,7,U,DRAW,not_in_library_graveyard,12
478,5,9,U,DRAW,not_in_library_graveyard,8
479,14,14,O,SWAP,not_in_library_battlefield,5
480,6,8,U,ATTACK,no_attacker_absent,2
481,5,6,U,LAND,not_in_hand,19
482,4,9,U,BLOCK,no_blocker,6
483,9,11,U,CAST,not_in_hand,2
484,6,6,U,LAND,not_in_hand,2
485,5,7,U,DRAW,not_in_library_hand,15
486,10,9,O,BLOCK,no_blocker,5
487,5,7,U,DRAW,not_in_library_battlefield,10
488,6,9,O,SWAP,not_in_library_graveyard,16
489,5,10,U,LAND,not_in_hand,20
490,8,8,U,CAST,not_in_hand,24
491,11,10,O,SWAP,not_in_library_missing,10
492,4,5,U,ATTACK,no_attacker_absent,5
493,6,5,O,SWAP,not_in_library_graveyard,18
494,7,7,U,BLOCK,no_blocker,15
495,8,8,U,CAST,activate_failed,14
496,6,7,O,ATTACK,no_attacker_absent,9
497,6,8,U,DRAW,not_in_library_battlefield,12
498,10,,,,,0
499,6,8,U,LAND,not_in_hand,15
500,9,,,,,0
501,9,17,U,CAST,not_in_hand,1
502,9,10,U,DRAW,not_in_library_hand,16
503,3,5,U,LAND,not_in_hand,19
504,7,7,U,CAST,not_playable,38
505,3,3,U,CAST,not_in_hand,7
506,3,11,U,DRAW,not_in_library_battlefield,1
507,12,12,O,CAST,activate_failed,1
508,5,,,,,0
509,5,6,U,LAND,not_in_hand,15
510,2,6,U,CAST,not_playable,8
511,5,9,U,LAND,not_in_hand,10
512,4,5,U,LAND,not_in_hand,10
513,5,10,O,BLOCK,no_blocker,1
514,10,9,U,CASTI,not_in_hand,14
515,10,11,O,ATTACK,no_attacker_absent,10
516,8,8,U,CAST,not_playable,9
517,8,9,U,LAND,not_in_hand,6
518,13,12,O,SWAP,not_in_library_missing,1
519,9,,,,,0
520,4,8,U,DRAW,not_in_library_graveyard,10
521,4,5,U,ATTACK,no_attacker_absent,6
522,3,,,,,0
523,4,5,U,BLOCK,no_blocker,10
524,5,9,U,CAST,not_playable,6
525,7,7,U,LAND,not_in_hand,3
526,11,6,O,CASTI,not_playable,3
527,10,11,O,SWAP,not_in_library_missing,2
528,6,7,U,ATTACK,no_attacker_absent,9
529,6,7,U,LAND,not_in_hand,13
530,6,8,U,DRAW,not_in_library_elsewhere,3
531,4,6,U,CAST,not_in_hand,10
532,9,9,O,SWAP,not_in_library_graveyard,5
533,8,,,,,0
534,5,11,U,ATTACK,no_attacker_absent,2
535,8,8,U,ATTACK,no_attacker_tapped,9
536,5,14,O,SWAP,not_in_library_graveyard,12
537,5,5,U,LAND,not_in_hand,25
538,5,11,U,CAST,not_playable,13
539,8,,,,,0
540,6,10,U,ATTACK,no_attacker_tapped,7
541,,,,,,0
542,10,11,O,SWAP,not_in_library_battlefield,3
543,5,13,U,DRAW,not_in_library_graveyard,14
544,11,11,O,SWAP,no_spare_hand_grew,7
545,8,8,U,CAST,not_in_hand,10
546,9,9,U,LAND,not_in_hand,4
547,13,11,O,SWAP,not_in_library_missing,9
548,6,6,U,DRAW,not_in_library_graveyard,16
549,4,9,U,CAST,activate_failed,10
550,8,9,U,CAST,not_in_hand,18
551,8,8,U,DRAW,not_in_library_graveyard,7
552,7,7,O,SWAP,not_in_library_graveyard,33
553,5,5,U,CAST,not_in_hand,14
554,10,10,O,BLOCK,no_blocker,1
555,5,6,U,ATTACK,no_attacker_absent,26
556,4,4,O,CAST,not_playable,28
557,7,11,O,CAST,not_playable,2
558,6,8,U,LAND,not_in_hand,10
559,4,8,O,CASTI,not_playable,14
560,6,6,O,BLOCK,no_blocker,3
561,5,6,U,LAND,not_in_hand,9
562,6,6,U,CAST,activate_failed,11
563,7,8,U,DRAW,not_in_library_battlefield,11
564,7,8,U,DRAW,not_in_library_graveyard,12
565,7,11,O,SWAP,no_spare_hand_grew,2
566,5,7,O,SWAP,not_in_library_missing,8
567,8,8,O,SWAP,not_in_library_graveyard,9
568,5,7,U,CAST,not_in_hand,14
569,6,7,U,DRAW,not_in_library_hand,13
570,5,5,U,LAND,not_in_hand,7
571,8,9,U,BLOCK,no_blocker,15
572,9,11,U,ATTACK,no_attacker_absent,7
573,9,8,O,CASTI,not_playable,10
574,4,9,O,ATTACK,no_attacker_absent,25
575,7,3,O,SWAP,not_in_library_missing,1
576,13,13,U,CAST,not_in_hand,5
577,6,6,U,CAST,activate_failed,11
578,7,7,U,LAND,not_in_hand,4
579,6,7,O,SWAP,not_in_library_missing,15
580,5,5,U,DRAW,not_in_library_graveyard,22
581,5,,,,,0
582,3,5,U,DRAW,not_in_library_graveyard,19
583,6,8,U,DRAW,not_in_library_battlefield,23
584,9,,,,,0
585,5,7,U,DRAW,not_in_library_graveyard,12
586,3,7,U,CAST,not_in_hand,10
587,7,10,U,ATTACK,no_attacker_absent,10
588,8,10,U,LAND,not_in_hand,14
589,11,6,O,CASTI,not_playable,2
590,6,6,U,DRAW,not_in_library_graveyard,16
591,9,9,O,SWAP,not_in_library_graveyard,4
592,5,5,O,BLOCK,no_blocker,10
593,10,12,O,BLOCK,no_blocker,2
594,3,5,U,ATTACK,no_attacker_absent,13
595,12,13,O,SWAP,no_spare_hand_grew,1
596,7,11,O,SWAP,not_in_library_battlefield,3
597,5,5,U,LAND,not_in_hand,10
598,8,8,U,DRAW,not_in_library_graveyard,26
599,11,11,O,CAST,not_playable,4
600,3,5,U,ATTACK,no_attacker_absent,3
601,5,5,U,CAST,activate_failed,9
602,7,7,O,BLOCK,no_blocker,6
603,5,6,U,DRAW,not_in_library_battlefield,9
604,6,8,O,SWAP,not_in_library_graveyard,5
605,4,6,U,DRAW,not_in_library_hand,11
606,7,7,O,CAST,not_playable,2
607,9,14,U,CAST,not_in_hand,1
608,8,10,U,ATTACK,no_attacker_sick_or_cannot,4
609,5,10,O,CAST,not_playable,2
610,5,5,U,CAST,not_playable,11
611,4,9,U,ATTACK,no_attacker_absent,8
612,5,5,U,LAND,not_in_hand,13
613,12,13,U,BLOCK,no_blocker,7
614,8,10,U,CAST,not_in_hand,6
615,8,10,U,LAND,not_in_hand,28
616,5,7,U,LAND,not_in_hand,7
617,7,,,,,0
618,6,8,U,DRAW,not_in_library_battlefield,13
619,5,8,U,ATTACK,no_attacker_absent,20
620,6,7,U,ATTACK,no_attacker_absent,11
621,5,7,U,CAST,not_playable,23
622,3,7,U,ATTACK,no_attacker_absent,18
623,12,12,O,CAST,not_in_hand,4
624,5,7,U,DRAW,not_in_library_hand,6
625,7,10,O,SWAP,not_in_library_graveyard,19
626,3,5,U,CAST,not_in_hand,16
627,10,13,U,BLOCK,no_blocker,1
628,9,9,O,SWAP,not_in_library_graveyard,14
629,9,12,O,BLOCK,no_blocker,6
630,5,5,O,CAST,activate_failed,18
631,7,6,O,SWAP,not_in_library_missing,13
632,5,12,U,CAST,not_in_hand,11
633,6,7,O,CAST,not_playable,26
634,5,7,U,DRAW,not_in_library_hand,17
635,6,8,U,LAND,not_in_hand,12
636,10,10,U,BLOCK,no_blocker,11
637,7,8,U,BLOCK,no_blocker,5
638,9,11,U,ATTACK,no_attacker_absent,4
639,7,7,U,DRAW,not_in_library_graveyard,9
640,8,11,O,SWAP,not_in_library_missing,15
641,8,9,U,BLOCK,no_blocker,6
642,10,11,O,SWAP,no_spare_hand_grew,2
643,4,5,U,BLOCK,no_blocker,13
644,6,6,O,CAST,not_playable,10
645,8,8,O,BLOCK,no_blocker,1
646,6,6,U,DRAW,not_in_library_graveyard,15
647,5,5,U,DRAW,not_in_library_graveyard,22
648,7,11,O,SWAP,no_spare_hand_grew,4
649,6,10,U,DRAW,not_in_library_graveyard,16
650,5,5,U,LAND,not_in_hand,3
651,6,7,O,BLOCK,no_blocker,8
652,10,10,U,CAST,not_in_hand,28
653,9,11,U,ATTACK,no_attacker_absent,4
654,3,7,O,ATTACK,no_attacker_tapped,3
655,8,9,U,DRAW,not_in_library_graveyard,3
656,3,5,U,DRAW,not_in_library_battlefield,23
657,9,11,U,ATTACK,no_attacker_absent,6
658,15,16,U,ATTACK,no_attacker_tapped,3
659,12,12,O,SWAP,not_in_library_battlefield,8
660,8,9,U,DRAW,not_in_library_graveyard,8
661,5,7,U,DRAW,not_in_library_graveyard,21
662,5,9,U,DRAW,not_in_library_graveyard,17
663,5,6,U,CAST,not_in_hand,9
664,7,8,U,CAST,not_playable,12
665,8,10,U,DRAW,not_in_library_graveyard,4
666,6,8,U,ATTACK,no_attacker_absent,14
667,10,10,O,ATTACK,no_attacker_sick_or_cannot,10
668,7,7,U,CAST,activate_failed,8
669,9,10,U,ATTACK,no_attacker_absent,14
670,6,12,U,CAST,not_in_hand,12
671,9,9,U,CAST,not_in_hand,11
672,10,14,U,CAST,not_in_hand,1
673,11,10,O,SWAP,not_in_library_missing,19
674,5,10,O,ATTACK,no_attacker_absent,3
675,7,9,U,DRAW,not_in_library_graveyard,1
676,3,5,U,DRAW,not_in_library_graveyard,11
677,7,7,U,LAND,not_in_hand,9
678,5,11,U,BLOCK,no_blocker,2
679,4,4,U,DRAW,not_in_library_graveyard,24
680,11,11,O,CAST,not_playable,1
681,7,7,O,BLOCK,no_blocker,17
682,3,3,U,DRAW,not_in_library_graveyard,11
683,5,7,U,ATTACK,no_attacker_absent,4
684,6,9,U,BLOCK,no_blocker,10
685,6,7,U,DRAW,not_in_library_battlefield,13
686,5,7,U,CAST,not_in_hand,8
687,9,,,,,0
688,12,14,U,ATTACK,no_attacker_absent,2
689,4,8,U,DRAW,not_in_library_hand,6
690,8,10,U,DRAW,not_in_library_graveyard,6
691,5,6,U,CAST,not_playable,7
692,6,8,U,CAST,not_in_hand,1
693,7,13,U,CAST,not_in_hand,10
694,10,10,U,BLOCK,no_blocker,8
695,7,13,O,BLOCK,no_blocker,3
696,7,,,,,0
697,5,10,O,ATTACK,no_attacker_absent,8
698,9,11,U,DRAW,not_in_library_graveyard,5
699,3,5,U,CAST,not_in_hand,8
700,4,5,U,BLOCK,no_blocker,9
701,3,10,U,DRAW,not_in_library_battlefield,8
702,7,7,U,LAND,not_in_hand,12
703,5,5,U,DRAW,not_in_library_graveyard,6
704,4,5,U,BLOCK,no_blocker,22
705,12,13,U,LAND,not_in_hand,5
706,7,8,U,ATTACK,no_attacker_absent,1
707,9,9,U,LAND,not_in_hand,4
708,5,7,U,DRAW,not_in_library_battlefield,11
709,7,8,U,ATTACK,no_attacker_absent,4
710,12,,,,,0
711,9,9,U,CAST,not_playable,6
712,7,7,O,CAST,not_playable,8
713,3,3,O,CAST,not_playable,14
714,3,11,U,CAST,not_in_hand,7
715,9,9,U,DRAW,not_in_library_graveyard,20
716,5,5,U,DRAW,not_in_library_graveyard,29
717,4,6,U,CAST,not_in_hand,15
718,6,8,U,LAND,not_in_hand,21
719,10,9,O,SWAP,not_in_library_battlefield,10
720,10,10,U,CAST,not_in_hand,5
721,6,9,O,SWAP,not_in_library_battlefield,17
722,7,7,O,CAST,not_playable,10
723,5,14,O,SWAP,not_in_library_missing,2
724,6,8,O,BLOCK,no_blocker,2
725,7,7,O,SWAP,not_in_library_graveyard,13
726,7,7,O,SWAP,not_in_library_graveyard,7
727,7,10,U,DRAW,not_in_library_battlefield,15
728,8,8,U,LAND,not_in_hand,9
729,4,4,O,CAST,not_playable,7
730,7,9,U,CAST,not_in_hand,7
731,6,8,U,DRAW,not_in_library_hand,28
732,7,7,U,DRAW,not_in_library_elsewhere,9
733,6,6,U,CAST,not_in_hand,3
734,6,6,U,DRAW,not_in_library_graveyard,6
735,11,12,U,ATTACK,no_attacker_absent,17
736,9,9,O,SWAP,no_spare_hand_grew,11
737,6,8,U,DRAW,not_in_library_graveyard,3
738,8,11,U,CAST,not_in_hand,17
739,3,12,O,SWAP,not_in_library_graveyard,5
740,17,17,O,BLOCK,no_blocker,1
741,6,13,U,CAST,not_in_hand,1
742,8,9,O,SWAP,not_in_library_graveyard,25
743,9,12,U,LAND,not_in_hand,14
744,9,10,U,CAST,not_in_hand,12
745,3,3,U,CAST,not_in_hand,17
746,11,11,O,SWAP,not_in_library_battlefield,3
747,3,5,U,LAND,not_in_hand,15
748,3,5,U,ATTACK,no_attacker_absent,12
749,5,10,O,SWAP,not_in_library_graveyard,5
750,7,10,O,SWAP,not_in_library_graveyard,6
751,6,10,O,CAST,not_playable,2
752,4,6,U,DRAW,not_in_library_graveyard,13
753,6,10,U,DRAW,not_in_library_battlefield,19
754,7,15,U,CAST,not_in_hand,9
755,7,7,U,CAST,not_in_hand,14
756,7,10,U,BLOCK,no_blocker,12
757,4,10,U,CAST,not_in_hand,3
758,3,3,U,DRAW,not_in_library_graveyard,16
759,6,6,U,DRAW,not_in_library_hand,5
760,7,10,O,SWAP,not_in_library_graveyard,11
761,8,9,O,CAST,not_playable,14
762,3,5,U,DRAW,not_in_library_battlefield,25
763,6,7,U,LAND,not_in_hand,4
764,10,11,U,CAST,not_in_hand,12
765,4,11,O,BLOCK,no_blocker,8
766,10,9,O,SWAP,not_in_library_missing,2
767,3,5,U,ATTACK,no_attacker_absent,5
768,7,11,O,BLOCK,no_blocker,1
769,6,8,U,DRAW,not_in_library_graveyard,6
770,8,10,U,LAND,not_in_hand,3
771,10,10,U,CAST,activate_failed,1
772,6,7,U,ATTACK,no_attacker_absent,10
773,7,12,O,SWAP,no_spare_hand_grew,14
774,4,,,,,0
775,9,12,O,SWAP,no_spare_hand_grew,3
776,6,10,O,SWAP,not_in_library_graveyard,5
777,5,5,U,BLOCK,no_blocker,15
778,14,15,U,ATTACK,no_attacker_tapped,12
779,6,8,U,DRAW,not_in_library_graveyard,10
780,3,3,U,DRAW,not_in_library_graveyard,19
781,3,5,U,DRAW,not_in_library_hand,11
782,6,14,U,CAST,not_in_hand,4
783,8,8,O,SWAP,not_in_library_graveyard,7
784,12,13,U,BLOCK,no_blocker,5
785,8,12,U,CAST,not_in_hand,6
786,5,,,,,0
787,5,6,O,CASTI,not_playable,4
788,7,13,O,SWAP,not_in_library_graveyard,11
789,3,7,U,ATTACK,no_attacker_absent,4
790,8,8,U,DRAW,not_in_library_graveyard,10
791,7,7,U,LAND,not_in_hand,3
792,7,7,O,ATTACK,no_attacker_sick_or_cannot,3
793,3,10,U,BLOCK,no_blocker,12
794,7,11,U,CAST,activate_failed,29
795,5,11,U,ATTACK,no_attacker_absent,2
796,5,9,O,ATTACK,no_attacker_absent,9
797,7,11,U,ATTACK,no_attacker_absent,2
798,6,11,O,ATTACK,no_attacker_absent,13
799,7,9,U,LAND,not_in_hand,24
800,7,9,U,DRAW,not_in_library_battlefield,21
801,6,7,U,DRAW,not_in_library_graveyard,19
802,9,,,,,0
803,5,7,U,CAST,not_in_hand,20
804,5,10,U,LAND,not_in_hand,10
805,8,8,O,SWAP,not_in_library_graveyard,10
806,10,12,U,CAST,not_in_hand,23
807,6,7,U,ATTACK,no_attacker_absent,18
808,10,13,O,SWAP,no_spare_hand_grew,14
809,4,8,U,ATTACK,no_attacker_absent,11
810,7,7,O,ATTACK,no_attacker_sick_or_cannot,35
811,5,7,U,LAND,not_in_hand,36
812,5,5,U,CAST,activate_failed,15
813,7,7,O,SWAP,not_in_library_battlefield,33
814,6,6,U,LAND,not_in_hand,11
815,4,5,U,LAND,not_in_hand,24
816,3,5,U,DRAW,not_in_library_hand,10
817,7,9,U,ATTACK,no_attacker_tapped,7
818,9,10,U,DRAW,not_in_library_battlefield,10
819,8,10,U,DRAW,not_in_library_graveyard,21
820,8,9,U,LAND,not_in_hand,12
821,11,,,,,0
822,7,9,U,ATTACK,no_attacker_absent,9
823,8,9,U,ATTACK,no_attacker_absent,11
824,8,11,O,ATTACK,no_attacker_absent,4
825,3,5,O,ATTACK,no_attacker_absent,5
826,7,7,U,LAND,not_in_hand,6
827,6,8,U,LAND,not_in_hand,6
828,6,8,U,LAND,not_in_hand,9
829,5,12,O,SWAP,not_in_library_graveyard,19
830,8,9,U,BLOCK,no_blocker,4
831,7,11,O,SWAP,no_spare_hand_grew,7
832,9,9,O,SWAP,not_in_library_missing,11
833,8,9,U,ATTACK,no_attacker_absent,14
834,5,7,U,LAND,not_in_hand,27
835,5,7,U,CAST,not_playable,2
836,7,,,,,0
837,3,5,U,CAST,not_in_hand,3
838,5,9,U,LAND,not_in_hand,3
839,10,12,U,CAST,not_in_hand,5
840,8,9,U,DRAW,not_in_library_graveyard,10
841,6,7,O,ATTACK,no_attacker_absent,17
842,3,6,U,DRAW,not_in_library_graveyard,9
843,5,3,O,SWAP,not_in_library_missing,13
844,4,5,U,LAND,not_in_hand,9
845,7,9,U,ATTACK,no_attacker_absent,5
846,7,7,O,SWAP,not_in_library_graveyard,34
847,10,12,O,CAST,not_playable,3
848,3,6,O,SWAP,not_in_library_graveyard,13
849,4,4,U,CAST,not_playable,9
850,3,9,U,DRAW,not_in_library_hand,4
851,5,10,O,CAST,activate_failed,5
852,4,6,U,ATTACK,no_attacker_absent,16
853,3,5,U,CAST,not_playable,19
854,6,8,O,ATTACK,no_attacker_tapped,6
855,6,8,U,DRAW,not_in_library_battlefield,12
856,5,6,O,CASTI,not_playable,5
857,7,7,U,CAST,not_in_hand,6
858,6,6,O,CAST,activate_failed,4
859,3,7,O,ATTACK,no_attacker_absent,6
860,3,11,U,LAND,not_in_hand,22
861,8,9,U,DRAW,not_in_library_graveyard,14
862,6,6,U,DRAW,not_in_library_elsewhere,7
863,8,9,O,SWAP,not_in_library_graveyard,5
864,6,8,U,ATTACK,no_attacker_absent,22
865,6,7,O,SWAP,not_in_library_battlefield,24
866,6,6,O,CASTI,not_playable,8
867,7,7,U,DRAW,not_in_library_graveyard,2
868,3,5,U,DRAW,not_in_library_elsewhere,40
869,5,10,U,CAST,not_in_hand,11
870,7,7,U,LAND,not_in_hand,7
871,8,8,U,ATTACK,no_attacker_absent,4
872,8,6,O,CASTI,not_playable,4
873,4,3,U,CASTI,not_in_hand,14
874,4,7,U,LAND,not_in_hand,14
875,5,9,U,LAND,not_in_hand,12
876,,,,,,0
877,4,5,U,LAND,not_in_hand,4
878,4,7,O,SWAP,not_in_library_battlefield,15
879,10,10,O,ATTACK,no_attacker_absent,27
880,7,7,O,BLOCK,no_blocker,3
881,5,5,U,LAND,not_in_hand,7
882,3,5,U,DRAW,not_in_library_graveyard,8
883,6,8,U,CAST,not_in_hand,20
884,7,7,U,CAST,not_playable,1
885,5,5,O,CAST,activate_failed,7
886,7,11,U,CAST,not_in_hand,8
887,9,9,O,CAST,not_playable,7
888,4,4,U,CAST,not_playable,15
889,5,8,U,LAND,not_in_hand,13
890,8,,,,,0
891,5,9,U,LAND,not_in_hand,12
892,1,5,U,ATTACK,no_attacker_sick_or_cannot,17
893,9,10,O,SWAP,not_in_library_battlefield,4
894,11,11,O,CASTI,not_playable,14
895,5,,,,,0
896,10,10,U,CAST,activate_failed,1
897,9,10,U,DRAW,not_in_library_battlefield,14
898,6,9,U,DRAW,not_in_library_battlefield,4
899,7,11,U,DRAW,not_in_library_elsewhere,3
900,6,8,O,BLOCK,no_blocker,12
901,8,8,U,CAST,not_playable,4
902,3,14,O,SWAP,not_in_library_missing,3
903,6,6,U,DRAW,not_in_library_graveyard,6
904,7,7,U,BLOCK,no_blocker,16
905,7,10,O,CAST,activate_failed,7
906,9,9,U,LAND,not_in_hand,15
907,9,9,O,CAST,not_playable,16
908,6,7,U,BLOCK,no_blocker,20
909,7,9,U,CAST,not_in_hand,17
910,6,6,U,DRAW,not_in_library_graveyard,8
911,6,,,,,0
912,5,5,U,DRAW,not_in_library_graveyard,24
913,5,5,O,BLOCK,no_blocker,9
914,6,9,U,DRAW,not_in_library_graveyard,15
915,8,7,O,CAST,not_playable,2
916,8,8,O,BLOCK,no_blocker,8
917,7,9,U,DRAW,not_in_library_battlefield,3
918,8,8,U,DRAW,not_in_library_hand,15
919,7,9,U,DRAW,not_in_library_battlefield,4
920,4,10,U,ATTACK,no_attacker_absent,3
921,5,5,U,CAST,activate_failed,5
922,11,11,U,LAND,not_in_hand,4
923,7,7,O,BLOCK,no_blocker,2
924,11,11,U,LAND,not_in_hand,6
925,5,5,U,BLOCK,no_blocker,23
926,9,8,O,SWAP,not_in_library_missing,9
927,7,7,U,CAST,not_playable,15
928,3,5,U,CAST,not_in_hand,3
929,8,10,U,BLOCK,no_blocker,5
930,4,6,U,DRAW,not_in_library_hand,14
931,7,10,U,DRAW,not_in_library_battlefield,7
932,11,,,,,0
933,6,8,U,DRAW,not_in_library_graveyard,17
934,6,6,U,DRAW,not_in_library_graveyard,12
935,7,9,U,DRAW,not_in_library_graveyard,21
936,5,8,O,SWAP,not_in_library_graveyard,12
937,6,9,O,CASTI,not_playable,8
938,7,7,O,ATTACK,no_attacker_absent,9
939,3,7,O,SWAP,not_in_library_graveyard,15
940,8,10,U,ATTACK,no_attacker_absent,3
941,7,10,O,CASTI,not_playable,15
942,7,11,U,BLOCK,no_legal_assignment,2
943,3,7,U,CAST,not_in_hand,40
944,7,9,U,DRAW,not_in_library_battlefield,46
945,11,11,O,SWAP,no_spare_hand_grew,8
946,9,,,,,0
947,5,6,U,BLOCK,no_blocker,27
948,5,5,U,DRAW,not_in_library_graveyard,17
949,4,9,O,CAST,not_playable,16
950,9,9,O,SWAP,not_in_library_graveyard,19
951,12,13,U,DRAW,not_in_library_graveyard,5
952,6,7,U,BLOCK,no_blocker,4
953,7,9,U,DRAW,not_in_library_battlefield,17
954,5,7,U,LAND,not_in_hand,12
955,4,4,U,DRAW,not_in_library_graveyard,15
956,7,9,U,CAST,not_in_hand,15
957,4,7,U,LAND,not_in_hand,9
958,5,7,U,DRAW,not_in_library_battlefield,21
959,9,12,U,CAST,not_in_hand,17
960,4,6,O,CASTI,not_playable,12
961,7,7,O,CAST,not_playable,18
962,4,7,U,LAND,not_in_hand,20
963,6,8,U,LAND,not_in_hand,9
964,6,9,U,DRAW,not_in_library_hand,8
965,5,9,U,BLOCK,no_blocker,23
966,5,7,U,DRAW,not_in_library_hand,7
967,7,8,U,CAST,not_playable,8
968,7,8,O,CAST,activate_failed,16
969,6,6,U,CAST,activate_failed,27
970,4,10,U,ATTACK,no_attacker_absent,2
971,5,7,U,CAST,not_playable,15
972,3,3,U,CAST,not_in_hand,3
973,1,,,,,0
974,5,5,U,CAST,activate_failed,4
975,10,,,,,0
976,7,11,U,LAND,not_in_hand,2
977,10,10,U,LAND,not_in_hand,14
978,8,10,U,ATTACK,no_attacker_absent,2
979,7,8,U,BLOCK,no_blocker,20
980,9,9,U,LAND,not_in_hand,21
981,6,8,U,DRAW,not_in_library_graveyard,7
982,10,11,U,CAST,not_in_hand,17
983,6,6,U,CAST,not_playable,14
984,6,8,U,LAND,not_in_hand,17
985,7,,,,,0
986,8,10,U,ATTACK,no_attacker_absent,6
987,9,14,U,CAST,not_in_hand,24
988,8,9,O,SWAP,not_in_library_missing,10
989,6,6,U,CAST,not_playable,46
990,9,12,O,CAST,not_playable,1
991,5,9,O,SWAP,not_in_library_graveyard,4
992,3,5,U,DRAW,not_in_library_battlefield,19
993,8,9,U,DRAW,not_in_library_graveyard,10
994,9,9,O,BLOCK,no_blocker,1
995,5,5,U,CAST,not_playable,8
996,10,10,U,DRAW,not_in_library_graveyard,8
997,7,12,U,LAND,not_in_hand,12
998,7,7,U,ATTACK,no_attacker_absent,5
999,5,8,U,CAST,not_in_hand,21
1000,4,5,U,CAST,not_playable,40
1001,11,13,U,DRAW,not_in_library_graveyard,1
1002,8,9,U,CAST,not_in_hand,11
1003,9,4,O,CASTI,not_playable,3
1004,3,7,U,DRAW,not_in_library_hand,12
1005,4,6,U,DRAW,not_in_library_hand,11
1006,4,9,U,LAND,not_in_hand,7
1007,7,7,O,ATTACK,no_attacker_sick_or_cannot,10
1008,8,8,U,LAND,not_in_hand,17
1009,7,8,O,CAST,not_playable,31
1010,3,5,U,DRAW,not_in_library_graveyard,33
1011,7,7,U,BLOCK,no_blocker,21
1012,3,3,U,DRAW,not_in_library_graveyard,19
1013,7,8,O,CAST,activate_failed,9
1014,4,6,U,DRAW,not_in_library_battlefield,17
1015,8,8,U,LAND,not_in_hand,10
1016,6,10,U,CAST,not_in_hand,23
1017,7,7,U,CAST,not_playable,22
1018,7,7,U,CAST,activate_failed,9
1019,7,7,O,SWAP,not_in_library_graveyard,11
1020,5,5,U,CAST,not_playable,9
1021,3,5,U,DRAW,not_in_library_hand,10
1022,6,6,U,LAND,not_in_hand,7
1023,6,7,U,ATTACK,no_attacker_absent,17
1024,11,11,O,BLOCK,no_blocker,6
1025,5,5,U,BLOCK,no_blocker,15
1026,6,7,O,ATTACK,no_attacker_tapped,3
1027,5,10,U,DRAW,not_in_library_graveyard,9
1028,7,8,U,BLOCK,no_blocker,13
1029,8,13,U,CAST,not_in_hand,1
1030,5,,,,,0
1031,6,6,O,CAST,activate_failed,6
1032,8,9,U,DRAW,not_in_library_hand,14
1033,6,12,U,CAST,not_playable,4
1034,5,12,O,BLOCK,no_blocker,11
1035,7,10,U,DRAW,not_in_library_battlefield,20
1036,6,6,U,CAST,not_playable,14
1037,12,10,O,SWAP,not_in_library_missing,1
1038,5,7,U,DRAW,not_in_library_battlefield,8
1039,8,10,U,LAND,not_in_hand,12
1040,7,6,O,CAST,activate_failed,19
1041,5,5,U,DRAW,not_in_library_graveyard,21
1042,3,7,U,DRAW,not_in_library_hand,9
1043,6,6,U,DRAW,not_in_library_graveyard,21
1044,7,7,U,LAND,not_in_hand,5
1045,11,11,O,SWAP,not_in_library_missing,27
1046,3,6,O,CAST,activate_failed,20
1047,8,13,U,BLOCK,no_blocker,8
1048,5,8,U,ATTACK,no_attacker_absent,19
1049,12,12,O,CAST,not_playable,43
1050,9,9,O,ATTACK,no_attacker_absent,17
1051,7,7,O,SWAP,not_in_library_graveyard,3
1052,6,7,U,CAST,not_in_hand,5
1053,5,9,O,CAST,not_playable,21
1054,8,10,U,DRAW,not_in_library_graveyard,15
1055,10,11,O,SWAP,not_in_library_battlefield,18
1056,5,9,U,DRAW,not_in_library_graveyard,9
1057,5,5,O,CAST,activate_failed,15
1058,4,5,U,DRAW,not_in_library_battlefield,10
1059,8,8,U,CAST,not_in_hand,6
1060,6,6,U,DRAW,not_in_library_graveyard,13
1061,4,4,U,CAST,not_playable,10
1062,5,6,U,LAND,not_in_hand,9
1063,6,6,U,DRAW,not_in_library_graveyard,19
1064,9,9,U,BLOCK,no_blocker,12
1065,6,13,O,SWAP,no_spare_hand_grew,1
1066,9,9,O,CAST,not_playable,5
1067,8,8,O,SWAP,not_in_library_missing,6
1068,4,5,U,BLOCK,no_blocker,18
1069,8,15,O,SWAP,no_spare_hand_grew,11
1070,8,,,,,0
1071,7,7,O,SWAP,not_in_library_graveyard,9
1072,6,8,U,DRAW,not_in_library_graveyard,8
1073,9,12,O,CAST,not_playable,3
1074,11,,,,,0
1075,7,8,U,BLOCK,no_blocker,8
1076,8,8,U,CAST,not_in_hand,17
1077,4,4,O,CAST,not_playable,3
1078,7,15,O,SWAP,no_spare_hand_grew,3
1079,6,8,U,CAST,not_in_hand,24
1080,5,5,U,LAND,not_in_hand,6
1081,6,7,U,BLOCK,no_blocker,6
1082,7,9,U,DRAW,not_in_library_graveyard,17
1083,9,9,U,ATTACK,no_attacker_absent,14
1084,5,5,U,LAND,not_in_hand,24
1085,6,7,U,ATTACK,no_attacker_absent,14
1086,5,6,U,LAND,not_in_hand,4
1087,7,7,O,SWAP,not_in_library_graveyard,5
1088,5,7,U,DRAW,not_in_library_battlefield,14
1089,12,12,O,SWAP,not_in_library_battlefield,2
1090,3,5,U,DRAW,not_in_library_battlefield,16
1091,11,13,O,SWAP,no_spare_hand_grew,7
1092,9,11,U,DRAW,not_in_library_hand,8
1093,3,5,U,DRAW,not_in_library_graveyard,25
1094,8,8,O,ATTACK,no_attacker_absent,16
1095,9,10,U,ATTACK,no_attacker_absent,24
1096,7,7,U,CAST,not_playable,12
1097,7,9,O,CAST,not_playable,13
1098,8,8,O,CAST,not_playable,14
1099,6,8,U,DRAW,not_in_library_graveyard,4
1100,6,6,U,DRAW,not_in_library_graveyard,10
1101,10,7,O,CAST,not_playable,8
1102,8,8,U,LAND,not_in_hand,27
1103,10,11,U,CAST,activate_failed,4
1104,7,11,U,LAND,not_in_hand,8
1105,7,8,U,LAND,not_in_hand,10
1106,7,9,U,BLOCK,no_blocker,3
1107,7,7,O,CAST,not_playable,9
1108,6,12,U,ATTACK,no_attacker_absent,8
1109,5,7,U,DRAW,not_in_library_battlefield,14
1110,8,8,U,CAST,activate_failed,12
1111,10,10,O,CASTI,not_playable,7
1112,6,7,U,BLOCK,no_blocker,26
1113,3,5,U,ATTACK,no_attacker_absent,13
1114,7,,,,,0
1115,6,4,O,CASTI,not_playable,10
1116,7,7,U,DRAW,not_in_library_graveyard,8
1117,5,10,U,DRAW,not_in_library_hand,14
1118,4,8,U,DRAW,not_in_library_hand,6
1119,7,10,U,DRAW,not_in_library_battlefield,3
1120,12,12,U,DRAW,not_in_library_graveyard,5
1121,7,13,O,ATTACK,no_attacker_absent,16
1122,3,5,U,ATTACK,no_attacker_absent,13
1123,7,7,U,CAST,not_in_hand,23
1124,4,6,U,ATTACK,no_attacker_absent,4
1125,5,10,U,DRAW,not_in_library_graveyard,15
1126,7,7,O,CAST,not_playable,10
1127,5,10,O,BLOCK,no_blocker,11
1128,6,6,U,DRAW,not_in_library_graveyard,5
1129,9,10,U,CAST,not_in_hand,4
1130,7,9,U,ATTACK,no_attacker_absent,12
1131,5,5,U,DRAW,not_in_library_graveyard,25
1132,8,8,O,SWAP,not_in_library_graveyard,5
1133,14,16,O,SWAP,no_spare_hand_grew,6
1134,9,12,U,BLOCK,no_blocker,13
1135,7,8,U,BLOCK,no_blocker,15
1136,8,,,,,0
1137,9,5,U,ATTACK,no_attacker_already_attacking,17
1138,5,5,U,DRAW,not_in_library_graveyard,5
1139,6,7,O,SWAP,not_in_library_graveyard,14
1140,7,9,U,BLOCK,no_blocker,5
1141,5,7,U,LAND,not_in_hand,8
1142,9,10,O,SWAP,not_in_library_battlefield,12
1143,4,9,U,ATTACK,no_attacker_absent,15
1144,5,5,U,CAST,not_in_hand,21
1145,5,7,U,LAND,not_in_hand,8
1146,7,10,U,CAST,not_playable,9
1147,5,5,U,DRAW,not_in_library_hand,18
1148,6,8,O,ATTACK,no_attacker_absent,13
1149,7,7,O,SWAP,not_in_library_graveyard,13
1150,5,5,U,CAST,not_playable,39
1151,5,5,U,DRAW,not_in_library_graveyard,8
1152,3,5,U,DRAW,not_in_library_graveyard,16
1153,3,7,U,DRAW,not_in_library_graveyard,11
1154,7,7,U,DRAW,not_in_library_graveyard,7
1155,5,7,U,DRAW,not_in_library_graveyard,5
1156,8,9,U,DRAW,not_in_library_battlefield,2
1157,8,9,U,DRAW,not_in_library_hand,6
1158,7,9,U,DRAW,not_in_library_graveyard,7
1159,6,6,U,DRAW,not_in_library_graveyard,24
1160,3,7,U,DRAW,not_in_library_hand,10
1161,10,11,O,CAST,activate_failed,5
1162,7,7,O,SWAP,not_in_library_graveyard,7
1163,8,8,O,BLOCK,no_blocker,9
1164,8,8,O,SWAP,not_in_library_graveyard,5
1165,5,7,U,LAND,not_in_hand,17
1166,11,11,U,LAND,not_in_hand,14
1167,6,6,U,BLOCK,no_blocker,8
1168,12,12,O,SWAP,not_in_library_graveyard,12
1169,5,5,O,CAST,not_playable,3
1170,7,9,U,CAST,not_in_hand,4
1171,8,8,U,DRAW,not_in_library_graveyard,9
1172,5,7,U,CAST,not_in_hand,8
1173,5,10,U,DRAW,not_in_library_hand,16
1174,8,8,U,DRAW,not_in_library_graveyard,17
1175,,,,,,0
1176,3,5,U,LAND,not_in_hand,28
1177,6,9,U,CAST,not_in_hand,23
1178,7,12,O,SWAP,not_in_library_graveyard,11
1179,3,6,O,CAST,not_playable,13
1180,15,15,O,BLOCK,no_blocker,2
1181,7,8,U,ATTACK,no_attacker_absent,8
1182,5,5,U,DRAW,not_in_library_graveyard,14
1183,5,5,U,DRAW,not_in_library_graveyard,6
1184,7,13,U,BLOCK,no_blocker,2
1185,5,5,U,CAST,not_playable,8
1186,8,3,O,SWAP,not_in_library_missing,6
1187,5,8,U,DRAW,not_in_library_battlefield,14
1188,5,7,U,CAST,not_in_hand,17
1189,6,7,U,CASTI,not_in_hand,41
1190,8,10,O,ATTACK,no_attacker_absent,9
1191,7,10,U,DRAW,not_in_library_battlefield,17
1192,8,9,U,ATTACK,no_attacker_absent,13
1193,7,7,U,LAND,not_in_hand,12
1194,8,9,U,ATTACK,no_attacker_absent,2
1195,14,14,U,LAND,not_in_hand,4
1196,8,10,U,ATTACK,no_attacker_absent,5
1197,6,8,U,DRAW,not_in_library_hand,18
1198,10,7,O,SWAP,not_in_library_missing,9
1199,6,6,O,CAST,not_playable,18
1200,3,7,U,LAND,not_in_hand,24
1201,8,12,U,DRAW,not_in_library_battlefield,13
1202,3,15,O,ATTACK,no_attacker_absent,1
1203,6,6,U,CAST,not_playable,13
1204,5,5,O,BLOCK,no_blocker,1
1205,6,6,U,CAST,not_in_hand,9
1206,7,7,O,CAST,activate_failed,5
1207,5,5,O,CAST,not_playable,15
1208,6,6,U,DRAW,not_in_library_graveyard,29
1209,6,6,U,CAST,not_playable,9
1210,7,7,U,DRAW,not_in_library_hand,21
1211,4,6,U,DRAW,not_in_library_hand,24
1212,5,7,U,BLOCK,no_blocker,13
1213,8,7,O,SWAP,not_in_library_missing,8
1214,4,4,U,DRAW,not_in_library_graveyard,10
1215,5,15,U,DRAW,not_in_library_graveyard,1
1216,5,7,U,CAST,not_in_hand,1
1217,10,11,O,SWAP,not_in_library_battlefield,3
1218,10,15,U,ATTACK,no_attacker_absent,4
1219,3,3,U,DRAW,not_in_library_graveyard,16
1220,7,7,O,SWAP,not_in_library_missing,2
1221,8,8,U,LAND,not_in_hand,29
1222,4,6,U,DRAW,not_in_library_elsewhere,4
1223,7,9,U,DRAW,not_in_library_battlefield,15
1224,9,7,O,SWAP,not_in_library_missing,10
1225,5,5,U,LAND,not_in_hand,12
1226,6,7,U,ATTACK,no_attacker_absent,8
1227,4,4,U,CAST,activate_failed,25
1228,5,5,O,ATTACK,no_attacker_absent,3
1229,15,9,U,CAST,not_in_hand,13
1230,6,,,,,0
1231,3,7,U,CAST,not_in_hand,4
1232,6,12,O,SWAP,not_in_library_missing,5
1233,8,7,O,SWAP,not_in_library_missing,11
1234,6,8,U,ATTACK,no_attacker_absent,12
1235,5,7,U,LAND,not_in_hand,14
1236,7,11,O,SWAP,no_spare_hand_grew,3
1237,8,8,O,SWAP,not_in_library_graveyard,4
1238,12,13,U,CAST,not_in_hand,6
1239,6,6,U,DRAW,not_in_library_graveyard,18
1240,5,5,U,CAST,not_playable,16
1241,8,10,O,SWAP,not_in_library_graveyard,5
1242,5,7,U,DRAW,not_in_library_graveyard,6
1243,9,10,U,DRAW,not_in_library_graveyard,8
1244,5,5,U,CAST,not_playable,20
1245,,,,,,0
1246,11,15,U,DRAW,not_in_library_battlefield,5
1247,6,9,O,ATTACK,no_attacker_absent,18
1248,4,5,U,DRAW,not_in_library_graveyard,23
1249,5,8,U,CAST,not_playable,11
1250,5,10,U,DRAW,not_in_library_graveyard,10
1251,5,5,U,CAST,activate_failed,21
1252,9,10,U,ATTACK,no_attacker_absent,8
1253,8,12,O,ATTACK,no_attacker_absent,1
1254,7,8,U,ATTACK,no_attacker_absent,18
1255,7,7,O,ATTACK,no_attacker_absent,7
1256,10,11,U,ATTACK,no_attacker_absent,17
1257,9,9,O,SWAP,not_in_library_graveyard,5
1258,8,11,U,CAST,activate_failed,8
1259,7,7,U,DRAW,not_in_library_graveyard,3
1260,5,7,O,ATTACK,no_attacker_absent,4
1261,5,11,O,SWAP,not_in_library_graveyard,5
1262,6,8,U,DRAW,not_in_library_graveyard,10
1263,8,8,U,LAND,not_in_hand,10
1264,5,7,U,DRAW,not_in_library_elsewhere,11
1265,7,8,O,CAST,not_playable,13
1266,6,7,U,DRAW,not_in_library_battlefield,10
1267,5,7,U,CAST,not_playable,24
1268,4,12,O,SWAP,not_in_library_graveyard,17
1269,9,9,O,SWAP,not_in_library_missing,3
1270,4,6,U,DRAW,not_in_library_graveyard,34
1271,6,8,U,DRAW,not_in_library_elsewhere,4
1272,4,10,O,ATTACK,no_attacker_tapped,7
1273,3,7,U,LAND,not_in_hand,7
1274,3,5,U,LAND,not_in_hand,8
1275,10,16,U,DRAW,not_in_library_graveyard,9
1276,7,4,O,CASTI,not_playable,11
1277,11,12,O,SWAP,not_in_library_missing,16
1278,5,5,U,LAND,not_in_hand,8
1279,11,14,O,SWAP,not_in_library_battlefield,11
1280,10,12,U,DRAW,not_in_library_elsewhere,2
1281,9,9,U,CAST,not_playable,15
1282,5,6,U,BLOCK,no_blocker,12
1283,7,8,U,DRAW,not_in_library_hand,18
1284,11,11,U,DRAW,not_in_library_graveyard,34
1285,13,11,O,SWAP,not_in_library_missing,4
1286,9,11,U,DRAW,not_in_library_graveyard,12
1287,7,7,U,DRAW,not_in_library_graveyard,17
1288,9,13,O,SWAP,not_in_library_missing,4
1289,6,13,U,ATTACK,no_attacker_tapped,8
1290,5,9,U,CAST,not_in_hand,39
1291,7,7,O,SWAP,not_in_library_graveyard,9
1292,5,6,O,ATTACK,no_attacker_absent,11
1293,5,10,U,ATTACK,no_attacker_absent,7
1294,8,10,U,DRAW,not_in_library_battlefield,21
1295,8,8,O,ATTACK,no_attacker_absent,2
1296,5,7,U,DRAW,not_in_library_elsewhere,4
1297,3,5,U,CAST,activate_failed,10
1298,5,6,O,CAST,not_playable,10
1299,5,11,O,CAST,not_playable,7
1300,6,6,U,DRAW,not_in_library_graveyard,15
1301,3,9,U,DRAW,not_in_library_graveyard,11
1302,5,12,U,CAST,not_in_hand,1
1303,9,12,U,DRAW,not_in_library_battlefield,6
1304,6,6,U,DRAW,not_in_library_graveyard,9
1305,7,8,O,SWAP,not_in_library_missing,6
1306,11,13,O,SWAP,no_spare_hand_grew,1
1307,5,6,U,LAND,not_in_hand,20
1308,4,6,U,DRAW,not_in_library_hand,23
1309,11,11,O,ATTACK,no_attacker_sick_or_cannot,16
1310,7,,,,,0
1311,4,6,U,DRAW,not_in_library_hand,13
1312,6,8,U,ATTACK,no_attacker_absent,5
1313,6,6,O,BLOCK,no_blocker,14
1314,5,6,U,LAND,not_in_hand,2
1315,10,10,U,LAND,not_in_hand,8
1316,6,7,O,CAST,not_playable,14
1317,6,10,U,LAND,not_in_hand,5
1318,5,7,U,DRAW,not_in_library_battlefield,10
1319,10,10,U,CAST,not_playable,10
1320,5,5,U,CAST,not_playable,9
1321,7,13,O,SWAP,no_spare_hand_grew,3
1322,6,6,O,CAST,not_playable,10
1323,10,10,O,ATTACK,no_attacker_absent,5
1324,13,14,O,SWAP,not_in_library_missing,34
1325,3,5,U,DRAW,not_in_library_graveyard,11
1326,11,13,U,DRAW,not_in_library_graveyard,7
1327,9,7,O,SWAP,not_in_library_missing,4
1328,4,6,U,LAND,not_in_hand,19
1329,9,16,O,SWAP,not_in_library_graveyard,7
1330,5,5,O,CAST,activate_failed,23
1331,7,11,U,CAST,not_in_hand,3
1332,5,5,U,DRAW,not_in_library_hand,23
1333,4,7,U,LAND,not_in_hand,9
1334,4,5,U,LAND,not_in_hand,17
1335,7,10,O,SWAP,not_in_library_missing,3
1336,5,5,U,BLOCK,no_blocker,16
1337,4,9,O,ATTACK,no_attacker_absent,24
1338,8,8,U,CAST,not_playable,12
1339,5,9,O,SWAP,not_in_library_missing,17
1340,8,8,U,DRAW,not_in_library_graveyard,5
1341,7,10,U,LAND,not_in_hand,11
1342,4,7,U,CAST,not_in_hand,14
1343,4,12,U,LAND,not_in_hand,6
1344,6,8,U,DRAW,not_in_library_elsewhere,16
1345,9,9,O,SWAP,not_in_library_graveyard,9
1346,8,9,O,SWAP,not_in_library_battlefield,5
1347,5,5,U,CAST,not_in_hand,12
1348,8,8,O,CAST,not_playable,6
1349,8,10,O,SWAP,not_in_library_graveyard,5
1350,7,7,O,ATTACK,no_attacker_sick_or_cannot,4
1351,5,5,U,LAND,not_in_hand,22
1352,7,8,U,BLOCK,no_blocker,29
1353,5,5,O,ATTACK,no_attacker_absent,17
1354,7,,,,,0
1355,5,7,U,DRAW,not_in_library_graveyard,8
1356,11,11,U,DRAW,not_in_library_elsewhere,7
1357,10,14,U,LAND,not_in_hand,9
1358,5,11,O,ATTACK,no_attacker_absent,10
1359,9,10,U,ATTACK,no_attacker_absent,35
1360,5,,,,,0
1361,8,8,U,LAND,not_in_hand,7
1362,7,7,U,DRAW,not_in_library_graveyard,4
1363,5,7,U,DRAW,not_in_library_graveyard,17
1364,5,8,U,BLOCK,no_blocker,9
1365,6,6,U,LAND,not_in_hand,28
1366,8,8,U,DRAW,not_in_library_graveyard,7
1367,5,9,U,LAND,not_in_hand,8
1368,6,6,U,DRAW,not_in_library_graveyard,17
1369,8,10,O,SWAP,not_in_library_graveyard,22
1370,8,8,U,LAND,not_in_hand,16
1371,6,6,O,BLOCK,no_blocker,35
1372,7,9,U,CAST,not_in_hand,16
1373,3,7,U,DRAW,not_in_library_battlefield,7
1374,3,,,,,0
1375,10,10,U,DRAW,not_in_library_graveyard,16
1376,3,5,U,CAST,not_in_hand,8
1377,9,9,U,LAND,not_in_hand,5
1378,4,5,U,LAND,not_in_hand,15
1379,4,4,O,CAST,not_playable,11
1380,8,15,U,LAND,not_in_hand,3
1381,15,11,O,SWAP,not_in_library_missing,4
1382,12,15,U,CAST,not_in_hand,4
1383,10,9,U,CASTI,not_in_hand,7
1384,8,8,U,ATTACK,no_attacker_absent,26
1385,,7,O,BLOCK,no_blocker,1
1386,8,9,U,CAST,not_in_hand,8
1387,8,12,O,SWAP,not_in_library_graveyard,11
1388,7,7,O,BLOCK,no_blocker,4
1389,3,10,U,BLOCK,no_blocker,4
1390,5,6,U,CAST,not_playable,14
1391,5,8,U,LAND,not_in_hand,30
1392,14,9,O,SWAP,not_in_library_missing,1
1393,6,6,O,CAST,not_playable,14
1394,10,11,U,ATTACK,no_attacker_absent,7
1395,7,8,U,LAND,not_in_hand,22
1396,8,8,U,BLOCK,no_blocker,12
1397,5,5,U,DRAW,not_in_library_graveyard,16
1398,5,8,U,LAND,not_in_hand,27
1399,7,9,U,DRAW,not_in_library_battlefield,5
1400,7,11,O,SWAP,not_in_library_missing,18
1401,5,7,U,ATTACK,no_attacker_absent,4
1402,6,6,U,BLOCK,no_blocker,10
1403,10,6,O,CASTI,not_playable,4
1404,5,7,O,ATTACK,no_attacker_absent,26
1405,10,6,O,CASTI,not_playable,17
1406,5,7,U,ATTACK,no_attacker_absent,19
1407,10,11,U,BLOCK,no_blocker,1
1408,6,9,U,ATTACK,no_attacker_absent,6
1409,6,6,U,DRAW,not_in_library_graveyard,7
1410,6,9,O,SWAP,not_in_library_graveyard,7
1411,10,12,U,CAST,not_in_hand,10
1412,6,6,U,DRAW,not_in_library_graveyard,6
1413,7,8,U,ATTACK,no_attacker_absent,13
1414,5,7,U,LAND,not_in_hand,23
1415,4,5,U,LAND,not_in_hand,5
1416,11,11,U,DRAW,not_in_library_graveyard,8
1417,7,8,U,CAST,not_playable,7
1418,5,7,U,DRAW,not_in_library_battlefield,16
1419,3,9,U,ATTACK,no_attacker_absent,1
1420,7,8,U,CAST,not_in_hand,20
1421,5,5,O,CAST,not_playable,8
1422,5,3,O,SWAP,not_in_library_missing,19
1423,6,8,O,ATTACK,no_attacker_absent,12
1424,6,13,U,CAST,not_in_hand,4
1425,7,9,U,CAST,not_in_hand,3
1426,3,5,U,DRAW,not_in_library_battlefield,8
1427,8,9,U,DRAW,not_in_library_graveyard,37
1428,4,8,U,DRAW,not_in_library_hand,12
1429,6,6,U,BLOCK,no_blocker,10
1430,6,6,U,DRAW,not_in_library_graveyard,11
1431,7,9,U,DRAW,not_in_library_battlefield,7
1432,3,5,U,ATTACK,no_attacker_absent,11
1433,10,10,U,DRAW,not_in_library_graveyard,12
1434,4,6,U,DRAW,not_in_library_graveyard,11
1435,9,9,O,SWAP,not_in_library_battlefield,11
1436,5,6,U,DRAW,not_in_library_hand,4
1437,5,9,U,DRAW,not_in_library_battlefield,5
1438,4,8,U,CAST,not_in_hand,12
1439,13,14,O,SWAP,no_spare_hand_grew,2
1440,9,11,U,DRAW,not_in_library_battlefield,1
1441,4,8,U,DRAW,not_in_library_hand,7
1442,5,11,U,ATTACK,no_attacker_tapped,1
1443,3,7,U,LAND,not_in_hand,8
1444,7,8,U,LAND,not_in_hand,5
1445,6,8,U,BLOCK,no_blocker,12
1446,10,6,O,CASTI,not_playable,6
1447,15,9,O,LAND,not_playable,2
1448,5,8,O,SWAP,not_in_library_missing,20
1449,9,9,O,SWAP,not_in_library_missing,33
1450,8,11,U,BLOCK,no_blocker,11
1451,7,,,,,0
1452,3,3,U,CAST,not_playable,15
1453,5,6,O,CASTI,not_playable,1
1454,4,4,U,CAST,not_in_hand,13
1455,,,,,,0
1456,9,10,U,BLOCK,no_blocker,3
1457,6,6,U,CAST,activate_failed,13
1458,5,5,U,CAST,activate_failed,5
1459,7,7,U,CAST,not_playable,11
1460,4,6,U,DRAW,not_in_library_hand,27
1461,7,15,O,ATTACK,no_attacker_absent,11
1462,8,,,,,0
1463,5,7,U,LAND,not_in_hand,14
1464,5,10,U,DRAW,not_in_library_battlefield,8
1465,5,6,U,DRAW,not_in_library_graveyard,23
1466,4,8,U,CAST,not_in_hand,37
1467,10,12,O,SWAP,not_in_library_graveyard,10
1468,7,7,O,BLOCK,no_blocker,6
1469,5,7,O,ATTACK,no_attacker_tapped,18
1470,12,12,O,SWAP,no_spare_hand_grew,14
1471,9,9,U,DRAW,not_in_library_graveyard,37
1472,7,7,U,DRAW,not_in_library_graveyard,15
1473,5,5,U,DRAW,not_in_library_hand,5
1474,8,11,U,ATTACK,no_attacker_absent,6
1475,8,11,U,ATTACK,no_attacker_absent,15
1476,5,,,,,0
1477,7,7,O,SWAP,not_in_library_missing,8
1478,4,4,U,DRAW,not_in_library_graveyard,18
1479,5,7,U,ATTACK,no_attacker_absent,26
1480,5,7,U,DRAW,not_in_library_hand,6
1481,5,5,O,CAST,activate_failed,6
1482,9,15,U,ATTACK,no_attacker_absent,2
1483,8,10,U,LAND,not_in_hand,4
1484,9,10,U,LAND,not_in_hand,13
1485,8,8,O,SWAP,not_in_library_missing,9
1486,6,6,U,CAST,activate_failed,14
1487,12,,,,,0
1488,7,10,O,SWAP,not_in_library_graveyard,13
1489,12,,,,,0
1490,10,10,O,ATTACK,no_attacker_absent,10
1491,4,6,U,DRAW,not_in_library_hand,15
1492,6,10,U,ATTACK,no_attacker_absent,11
1493,5,5,O,CAST,not_playable,6
1494,4,5,U,LAND,not_in_hand,9
1495,8,8,O,CAST,not_playable,1
1496,7,9,U,DRAW,not_in_library_graveyard,9
1497,8,9,U,DRAW,not_in_library_graveyard,13
1498,9,,,,,0
1499,4,5,U,DRAW,not_in_library_hand,5
1500,7,8,U,LAND,not_in_hand,23
1501,5,5,U,CAST,activate_failed,18
1502,7,7,U,CAST,not_playable,14
1503,5,5,O,ATTACK,no_attacker_already_attacking,14
1504,5,10,O,SWAP,not_in_library_graveyard,14
1505,7,7,U,ATTACK,no_attacker_tapped,14
1506,8,8,U,DRAW,not_in_library_graveyard,14
1507,5,9,U,BLOCK,no_blocker,14
1508,5,11,U,ATTACK,no_attacker_absent,5
1509,8,9,O,CAST,not_playable,5
1510,3,3,U,CAST,not_in_hand,17
1511,8,8,U,LAND,not_in_hand,7
1512,5,6,U,ATTACK,no_attacker_absent,5
1513,8,8,U,CAST,not_in_hand,4
1514,7,7,U,CAST,not_playable,23
1515,8,10,U,ATTACK,no_attacker_tapped,8
1516,7,11,U,ATTACK,no_attacker_absent,1
1517,11,20,U,CAST,not_playable,1
1518,6,15,U,DRAW,not_in_library_battlefield,15
1519,7,8,U,BLOCK,no_blocker,5
1520,10,17,O,SWAP,not_in_library_battlefield,13
1521,7,7,U,LAND,not_in_hand,17
1522,8,11,U,BLOCK,no_blocker,7
1523,6,8,U,LAND,not_in_hand,10
1524,8,8,U,LAND,not_in_hand,13
1525,7,8,U,BLOCK,no_blocker,9
1526,5,7,U,ATTACK,no_attacker_absent,10
1527,15,15,U,DRAW,not_in_library_graveyard,2
1528,3,5,U,DRAW,not_in_library_graveyard,2
1529,6,8,U,CAST,not_in_hand,13
1530,7,8,U,BLOCK,no_blocker,12
1531,3,3,U,DRAW,not_in_library_graveyard,5
1532,8,10,U,LAND,not_in_hand,13
1533,13,14,O,SWAP,no_spare_hand_grew,3
1534,3,6,U,BLOCK,no_blocker,10
1535,5,7,U,BLOCK,no_blocker,7
1536,5,5,O,CAST,not_playable,9
1537,9,12,U,ATTACK,no_attacker_absent,4
1538,5,7,U,DRAW,not_in_library_graveyard,6
1539,5,8,U,ATTACK,no_attacker_absent,14
1540,7,10,U,DRAW,not_in_library_graveyard,5
1541,3,5,U,DRAW,not_in_library_hand,12
1542,10,10,O,SWAP,not_in_library_graveyard,5
1543,10,13,U,CAST,not_in_hand,4
1544,8,8,O,ATTACK,no_attacker_absent,14
1545,5,7,U,ATTACK,no_attacker_absent,19
1546,4,5,U,ATTACK,no_attacker_absent,20
1547,3,3,U,DRAW,not_in_library_graveyard,8
1548,6,6,U,DRAW,not_in_library_graveyard,15
1549,11,9,O,SWAP,no_spare_hand_grew,17
1550,8,8,U,DRAW,not_in_library_elsewhere,7
1551,7,14,U,DRAW,not_in_library_graveyard,9
1552,5,10,O,SWAP,not_in_library_graveyard,11
1553,8,9,O,BLOCK,no_blocker,8
1554,7,11,O,ATTACK,no_attacker_absent,14
1555,8,8,U,LAND,not_in_hand,16
1556,8,6,O,CASTI,not_playable,4
1557,9,12,U,ATTACK,no_attacker_absent,3
1558,6,6,O,SWAP,not_in_library_graveyard,16
1559,6,6,O,CAST,activate_failed,16
1560,6,7,U,BLOCK,no_blocker,4
1561,6,6,O,BLOCK,no_blocker,12
1562,6,9,U,CAST,not_in_hand,1
1563,,,,,,0
1564,4,4,O,CAST,not_playable,5
1565,6,8,O,SWAP,not_in_library_missing,7
1566,8,9,U,DRAW,not_in_library_graveyard,6
1567,4,8,U,ATTACK,no_attacker_tapped,18
1568,4,7,O,CAST,not_playable,6
1569,7,8,U,BLOCK,no_blocker,10
1570,11,11,O,BLOCK,no_blocker,6
1571,5,5,U,DRAW,not_in_library_hand,11
1572,5,13,O,BLOCK,no_blocker,1
1573,4,9,U,BLOCK,no_blocker,11
1574,11,11,O,SWAP,not_in_library_battlefield,13
1575,3,5,U,CAST,not_playable,8
1576,6,8,U,DRAW,not_in_library_graveyard,16
1577,10,,,,,0
1578,4,8,U,CAST,not_in_hand,20
1579,5,7,O,ATTACK,no_attacker_absent,3
1580,6,6,O,SWAP,not_in_library_missing,1
1581,3,3,U,DRAW,not_in_library_graveyard,4
1582,5,7,U,DRAW,not_in_library_battlefield,39
1583,7,,,,,0
1584,4,6,U,DRAW,not_in_library_hand,13
1585,8,10,U,DRAW,not_in_library_hand,10
1586,6,15,O,CAST,not_playable,8
1587,7,9,U,DRAW,not_in_library_battlefield,30
1588,5,5,O,CAST,not_playable,6
1589,10,12,O,SWAP,not_in_library_graveyard,2
1590,7,9,U,LAND,not_in_hand,12
1591,7,7,O,SWAP,not_in_library_missing,1
1592,3,7,U,ATTACK,no_attacker_absent,1
1593,11,12,U,DRAW,not_in_library_hand,13
1594,6,9,O,SWAP,no_spare_hand_grew,8
1595,12,14,U,CAST,not_in_hand,4
1596,3,5,U,CAST,not_in_hand,8
1597,9,9,U,CAST,not_playable,3
1598,4,13,U,LAND,not_in_hand,13
1599,8,7,O,SWAP,not_in_library_missing,4
1600,3,3,O,CAST,not_playable,5
1601,6,8,U,DRAW,not_in_library_graveyard,12
1602,10,10,U,DRAW,not_in_library_graveyard,22
1603,4,6,U,DRAW,not_in_library_hand,3
1604,4,8,U,LAND,not_in_hand,7
1605,3,7,U,DRAW,not_in_library_battlefield,21
1606,5,7,U,DRAW,not_in_library_graveyard,6
1607,6,8,U,DRAW,not_in_library_battlefield,16
1608,13,14,O,ATTACK,no_attacker_absent,3
1609,4,6,U,DRAW,not_in_library_hand,7
1610,7,9,O,BLOCK,no_blocker,5
1611,5,7,U,ATTACK,no_attacker_absent,7
1612,6,9,U,DRAW,not_in_library_hand,11
1613,9,10,O,SWAP,not_in_library_graveyard,5
1614,6,10,U,LAND,not_in_hand,3
1615,6,6,U,LAND,not_in_hand,13
1616,5,9,O,SWAP,not_in_library_missing,21
1617,9,11,U,DRAW,not_in_library_battlefield,3
1618,7,7,U,LAND,not_in_hand,9
1619,7,7,O,BLOCK,no_blocker,26
1620,7,8,U,ATTACK,no_attacker_absent,19
1621,9,10,O,CAST,not_playable,2
1622,7,7,O,CAST,not_playable,6
1623,8,8,U,CAST,activate_failed,5
1624,5,6,U,LAND,not_in_hand,8
1625,7,9,O,ATTACK,no_attacker_absent,13
1626,8,8,U,CAST,not_in_hand,11
1627,6,7,U,CAST,not_playable,7
1628,3,5,U,DRAW,not_in_library_battlefield,19
1629,4,6,O,BLOCK,no_blocker,8
1630,9,,,,,0
1631,8,11,U,BLOCK,no_blocker,1
1632,9,13,U,ATTACK,no_attacker_absent,12
1633,,,,,,0
1634,4,8,U,CAST,not_in_hand,8
1635,9,12,O,ATTACK,no_attacker_absent,4
1636,6,7,U,CAST,not_playable,11
1637,9,7,O,SWAP,not_in_library_missing,2
1638,11,11,O,SWAP,not_in_library_missing,8
1639,8,10,U,LAND,not_in_hand,9
1640,4,5,U,ATTACK,no_attacker_absent,23
1641,7,8,U,CAST,not_in_hand,7
1642,5,6,U,DRAW,not_in_library_hand,20
1643,7,8,O,SWAP,not_in_library_graveyard,16
1644,5,5,O,LAND,not_playable,11
1645,5,12,U,ATTACK,no_attacker_absent,2
1646,5,12,U,CAST,not_in_hand,10
1647,6,9,U,BLOCK,no_blocker,21
1648,13,13,O,ATTACK,no_attacker_absent,10
1649,8,11,O,SWAP,not_in_library_graveyard,23
1650,6,8,U,DRAW,not_in_library_graveyard,8
1651,6,6,U,DRAW,not_in_library_graveyard,4
1652,7,7,U,DRAW,not_in_library_graveyard,11
1653,8,,,,,0
1654,7,4,O,CAST,activate_failed,1
1655,5,7,U,CAST,not_in_hand,19
1656,3,3,U,DRAW,not_in_library_graveyard,13
1657,6,8,U,CAST,not_in_hand,16
1658,7,10,O,SWAP,not_in_library_graveyard,4
1659,4,4,U,CAST,not_playable,9
1660,13,11,U,CASTI,not_in_hand,10
1661,5,7,U,LAND,not_in_hand,13
1662,4,6,U,ATTACK,no_attacker_absent,5
1663,5,6,U,LAND,not_in_hand,8
1664,10,11,U,BLOCK,no_blocker,23
1665,9,9,U,LAND,not_in_hand,33
1666,6,8,U,BLOCK,no_blocker,12
1667,7,7,U,DRAW,not_in_library_graveyard,14
1668,5,9,O,ATTACK,no_attacker_absent,10
1669,5,5,U,CAST,not_in_hand,6
1670,7,9,U,DRAW,not_in_library_battlefield,7
1671,9,11,U,ATTACK,no_attacker_absent,9
1672,8,8,U,CAST,activate_failed,17
1673,10,10,O,BLOCK,no_blocker,4
1674,10,9,O,SWAP,not_in_library_missing,7
1675,6,6,U,DRAW,not_in_library_graveyard,14
1676,9,12,U,DRAW,not_in_library_battlefield,15
1677,5,8,U,CAST,not_in_hand,1
1678,7,9,U,DRAW,not_in_library_hand,13
1679,7,11,O,SWAP,not_in_library_missing,17
1680,7,9,O,SWAP,not_in_library_battlefield,20
1681,7,10,U,BLOCK,no_blocker,7
1682,4,5,U,BLOCK,no_blocker,13
1683,8,9,O,SWAP,not_in_library_graveyard,13
1684,7,8,U,CAST,activate_failed,5
1685,4,5,U,LAND,not_in_hand,15
1686,3,5,U,DRAW,not_in_library_battlefield,7
1687,6,8,U,DRAW,not_in_library_graveyard,16
1688,5,5,O,CAST,activate_failed,5
1689,6,11,U,DRAW,not_in_library_battlefield,11
1690,7,,,,,0
1691,4,8,U,DRAW,not_in_library_graveyard,17
1692,6,8,U,DRAW,not_in_library_graveyard,21
1693,7,12,U,CAST,not_in_hand,11
1694,6,10,U,ATTACK,no_attacker_absent,4
1695,5,6,U,LAND,not_in_hand,17
1696,8,9,U,ATTACK,no_attacker_absent,21
1697,8,7,O,SWAP,not_in_library_missing,4
1698,8,14,O,SWAP,not_in_library_missing,9
1699,4,6,U,DRAW,not_in_library_hand,16
1700,4,8,U,ATTACK,no_attacker_absent,11
1701,9,13,U,ATTACK,no_attacker_absent,10
1702,11,11,U,CAST,not_playable,10
1703,6,8,O,ATTACK,no_attacker_tapped,11
1704,5,5,O,CAST,not_playable,17
1705,5,5,U,DRAW,not_in_library_graveyard,29
1706,5,6,U,BLOCK,no_blocker,26
1707,7,8,U,LAND,not_in_hand,10
1708,10,,,,,0
1709,5,10,O,SWAP,not_in_library_graveyard,14
1710,5,5,U,DRAW,not_in_library_graveyard,27
1711,7,9,U,CAST,not_in_hand,8
1712,3,5,U,DRAW,not_in_library_hand,21
1713,11,12,U,CAST,not_in_hand,1
1714,8,10,U,DRAW,not_in_library_battlefield,6
1715,6,8,U,ATTACK,no_attacker_sick_or_cannot,8
1716,13,13,O,SWAP,no_spare_hand_grew,3
1717,6,7,U,DRAW,not_in_library_graveyard,27
1718,7,9,O,ATTACK,no_attacker_absent,7
1719,8,11,U,LAND,not_in_hand,4
1720,7,7,U,CAST,not_in_hand,3
1721,4,6,U,DRAW,not_in_library_graveyard,8
1722,5,9,O,SWAP,not_in_library_graveyard,6
1723,3,5,U,DRAW,not_in_library_hand,12
1724,9,9,U,LAND,not_in_hand,8
1725,10,15,U,DRAW,not_in_library_hand,9
1726,6,9,O,SWAP,not_in_library_missing,32
1727,9,9,O,CAST,not_playable,7
1728,7,9,O,ATTACK,no_attacker_absent,1
1729,8,10,U,LAND,not_in_hand,19
1730,5,5,U,DRAW,not_in_library_graveyard,12
1731,3,9,U,DRAW,not_in_library_graveyard,13
1732,6,10,U,LAND,not_in_hand,31
1733,3,5,U,CAST,not_in_hand,19
1734,7,9,U,ATTACK,no_attacker_absent,6
1735,6,8,U,DRAW,not_in_library_graveyard,14
1736,7,10,O,SWAP,not_in_library_battlefield,4
1737,7,7,U,LAND,not_in_hand,11
1738,5,7,U,ATTACK,no_attacker_absent,26
1739,7,7,O,SWAP,not_in_library_battlefield,10
1740,6,6,U,CAST,not_in_hand,21
1741,5,11,U,DRAW,not_in_library_battlefield,4
1742,11,15,O,SWAP,not_in_library_graveyard,9
1743,3,8,U,DRAW,not_in_library_hand,15
1744,3,,,,,0
1745,11,11,U,LAND,not_in_hand,6
1746,8,,,,,0
1747,8,8,U,CAST,not_playable,6
1748,9,11,U,CAST,not_in_hand,28
1749,5,12,O,SWAP,not_in_library_battlefield,4
1750,6,6,U,CAST,not_in_hand,3
1751,3,10,O,ATTACK,no_attacker_absent,2
1752,5,7,O,SWAP,not_in_library_missing,33
1753,5,14,U,LAND,not_in_hand,8
1754,7,9,U,ATTACK,no_attacker_absent,17
1755,5,8,U,CAST,not_in_hand,6
1756,7,13,U,ATTACK,no_attacker_absent,1
1757,6,10,O,BLOCK,no_blocker,1
1758,6,8,U,DRAW,not_in_library_graveyard,6
1759,7,14,U,ATTACK,no_attacker_absent,5
1760,7,7,O,ATTACK,no_attacker_tapped,14
1761,3,7,U,ATTACK,no_attacker_absent,3
1762,5,5,U,DRAW,not_in_library_elsewhere,3
1763,3,,,,,0
1764,10,10,U,DRAW,not_in_library_graveyard,21
1765,9,12,O,SWAP,not_in_library_battlefield,2
1766,5,11,O,ATTACK,no_attacker_absent,4
1767,5,7,U,DRAW,not_in_library_hand,18
1768,4,6,U,DRAW,not_in_library_graveyard,21
1769,,,,,,0
1770,7,9,U,ATTACK,no_attacker_absent,12
1771,9,7,O,SWAP,not_in_library_missing,8
1772,9,11,O,CAST,not_playable,6
1773,7,7,U,LAND,not_in_hand,29
1774,4,4,O,CAST,not_playable,7
1775,9,9,O,SWAP,not_in_library_graveyard,2
1776,3,7,U,DRAW,not_in_library_battlefield,28
1777,3,5,U,DRAW,not_in_library_hand,17
1778,9,11,U,LAND,not_in_hand,7
1779,9,7,O,SWAP,not_in_library_missing,7
1780,3,5,U,DRAW,not_in_library_hand,22
1781,4,7,U,ATTACK,no_attacker_absent,1
1782,5,6,U,LAND,not_in_hand,7
1783,5,7,U,DRAW,not_in_library_graveyard,8
1784,5,7,U,DRAW,not_in_library_graveyard,22
1785,5,5,O,BLOCK,no_blocker,12
1786,6,6,O,BLOCK,no_blocker,2
1787,11,14,O,SWAP,not_in_library_battlefield,8
1788,10,,,,,0
1789,6,8,U,ATTACK,no_attacker_absent,4
1790,6,8,U,LAND,not_in_hand,13
1791,7,7,O,CAST,activate_failed,24
1792,6,8,U,LAND,not_in_hand,6
1793,7,9,U,CAST,not_in_hand,3
1794,6,6,U,CAST,not_playable,18
1795,5,5,O,CAST,not_playable,18
1796,5,5,U,CAST,activate_failed,8
1797,6,3,O,SWAP,not_in_library_missing,1
1798,5,5,O,CAST,activate_failed,14
1799,6,8,U,DRAW,not_in_library_battlefield,16
1800,8,,,,,0
1801,5,5,U,LAND,not_in_hand,6
1802,6,4,O,LAND,not_playable,30
1803,8,9,U,DRAW,not_in_library_battlefield,33
1804,9,9,U,CAST,not_in_hand,20
1805,7,,,,,0
1806,8,10,U,DRAW,not_in_library_graveyard,3
1807,5,7,O,SWAP,not_in_library_graveyard,23
1808,5,5,O,CAST,activate_failed,13
1809,9,13,O,SWAP,no_spare_hand_grew,3
1810,4,8,U,CAST,not_in_hand,11
1811,3,3,U,DRAW,not_in_library_graveyard,15
1812,5,7,U,DRAW,not_in_library_battlefield,13
1813,5,8,U,ATTACK,no_attacker_absent,19
1814,4,8,U,DRAW,not_in_library_graveyard,5
1815,6,6,U,DRAW,not_in_library_graveyard,10
1816,5,7,U,DRAW,not_in_library_battlefield,14
1817,7,7,U,LAND,not_in_hand,5
1818,6,6,O,BLOCK,no_blocker,1
1819,9,11,U,ATTACK,no_attacker_absent,6
1820,3,5,U,LAND,not_in_hand,23
1821,9,12,O,SWAP,no_spare_hand_grew,11
1822,3,5,U,ATTACK,no_attacker_absent,17
1823,,,,,,0
1824,9,9,O,SWAP,not_in_library_missing,9
1825,3,5,U,DRAW,not_in_library_hand,11
1826,7,7,U,LAND,not_in_hand,29
1827,9,14,O,BLOCK,no_blocker,1
1828,7,8,O,SWAP,not_in_library_graveyard,15
1829,9,9,O,LAND,not_playable,10
1830,3,8,O,SWAP,not_in_library_battlefield,26
1831,5,5,U,LAND,not_in_hand,3
1832,5,5,U,DRAW,not_in_library_graveyard,2
1833,6,8,U,BLOCK,no_blocker,3
1834,7,9,U,ATTACK,no_attacker_absent,11
1835,5,5,U,DRAW,not_in_library_graveyard,23
1836,5,5,O,CAST,activate_failed,14
1837,5,9,U,DRAW,not_in_library_hand,32
1838,9,9,O,CAST,not_playable,6
1839,5,7,O,CAST,activate_failed,5
1840,4,5,U,LAND,not_in_hand,10
1841,8,9,O,CAST,not_playable,4
1842,7,8,U,CAST,not_in_hand,12
1843,5,12,U,LAND,not_in_hand,7
1844,8,8,O,BLOCK,no_blocker,2
1845,8,9,O,SWAP,no_spare_hand_grew,12
1846,7,10,O,SWAP,not_in_library_graveyard,4
1847,13,14,O,SWAP,not_in_library_graveyard,12
1848,4,4,U,DRAW,not_in_library_elsewhere,7
1849,7,11,O,SWAP,not_in_library_battlefield,7
1850,3,5,U,ATTACK,no_attacker_absent,15
1851,3,5,U,CAST,not_in_hand,5
1852,6,6,U,DRAW,not_in_library_graveyard,2
1853,8,12,U,DRAW,not_in_library_hand,8
1854,5,7,U,ATTACK,no_attacker_absent,3
1855,8,8,U,CAST,not_in_hand,5
1856,7,,,,,0
1857,4,6,U,DRAW,not_in_library_battlefield,10
1858,6,8,U,DRAW,not_in_library_graveyard,16
1859,5,7,U,CAST,not_playable,16
1860,5,5,O,CAST,not_playable,9
1861,7,9,O,BLOCK,no_blocker,3
1862,9,10,U,DRAW,not_in_library_hand,8
1863,7,7,O,CAST,not_playable,13
1864,6,9,U,ATTACK,no_attacker_tapped,10
1865,8,10,O,ATTACK,no_attacker_absent,17
1866,3,3,U,CAST,not_in_hand,9
1867,8,,,,,0
1868,9,12,O,SWAP,not_in_library_graveyard,23
1869,7,13,U,DRAW,not_in_library_graveyard,7
1870,3,5,U,LAND,not_in_hand,8
1871,,,,,,0
1872,3,7,U,DRAW,not_in_library_battlefield,9
1873,5,5,O,CAST,activate_failed,20
1874,5,16,O,ATTACK,no_attacker_tapped,1
1875,9,9,O,SWAP,not_in_library_graveyard,47
1876,6,7,U,BLOCK,no_blocker,1
1877,6,7,U,DRAW,not_in_library_hand,39
1878,7,11,U,CAST,activate_failed,1
1879,7,9,O,SWAP,not_in_library_graveyard,16
1880,5,9,U,ATTACK,no_attacker_tapped,6
1881,6,8,U,DRAW,not_in_library_graveyard,13
1882,4,4,U,DRAW,not_in_library_graveyard,9
1883,9,11,U,DRAW,not_in_library_battlefield,22
1884,9,11,O,SWAP,no_spare_hand_grew,4
1885,5,9,U,DRAW,not_in_library_graveyard,17
1886,9,11,U,LAND,not_in_hand,27
1887,8,8,U,CAST,not_in_hand,6
1888,1,9,O,SWAP,not_in_library_battlefield,6
1889,4,16,U,CAST,not_in_hand,3
1890,5,9,O,ATTACK,no_attacker_absent,2
1891,6,7,U,DRAW,not_in_library_graveyard,6
1892,7,7,U,LAND,not_in_hand,5
1893,6,8,U,CAST,activate_failed,14
1894,4,4,U,DRAW,not_in_library_graveyard,16
1895,3,7,U,CAST,not_in_hand,5
1896,7,14,U,CAST,not_in_hand,4
1897,3,5,U,DRAW,not_in_library_battlefield,22
1898,7,7,U,CAST,activate_failed,30
1899,7,9,U,CAST,not_in_hand,20
1900,8,8,U,DRAW,not_in_library_graveyard,13
1901,9,10,U,ATTACK,no_attacker_absent,20
1902,4,4,U,DRAW,not_in_library_graveyard,16
1903,6,6,U,CAST,not_in_hand,12
1904,8,8,O,CAST,activate_failed,3
1905,9,9,U,DRAW,not_in_library_graveyard,10
1906,5,9,U,DRAW,not_in_library_battlefield,16
1907,9,12,O,SWAP,not_in_library_battlefield,5
1908,4,6,U,DRAW,not_in_library_graveyard,21
1909,6,7,U,DRAW,not_in_library_graveyard,21
1910,6,6,U,DRAW,not_in_library_graveyard,23
1911,4,7,U,BLOCK,no_blocker,5
1912,6,8,U,DRAW,not_in_library_graveyard,24
1913,5,9,O,SWAP,not_in_library_graveyard,2
1914,6,6,U,DRAW,not_in_library_graveyard,15
1915,8,8,O,SWAP,not_in_library_graveyard,2
1916,4,4,O,CAST,not_playable,9
1917,7,7,U,DRAW,not_in_library_graveyard,3
1918,6,7,U,DRAW,not_in_library_elsewhere,19
1919,8,10,O,CASTI,not_playable,6
1920,8,,,,,0
1921,6,8,U,CAST,not_in_hand,15
1922,5,6,U,LAND,not_in_hand,16
1923,4,5,U,LAND,not_in_hand,16
1924,5,11,O,SWAP,not_in_library_battlefield,4
1925,7,14,U,LAND,not_in_hand,6
1926,5,5,O,ATTACK,no_attacker_tapped,13
1927,3,5,U,ATTACK,no_attacker_absent,15
1928,3,5,U,DRAW,not_in_library_battlefield,10
1929,6,7,O,ATTACK,no_attacker_absent,17
1930,6,12,U,LAND,not_in_hand,15
1931,7,9,U,CAST,not_playable,2
1932,3,9,U,DRAW,not_in_library_battlefield,22
1933,4,8,O,ATTACK,no_attacker_absent,9
1934,5,5,O,CAST,activate_failed,42
1935,7,8,U,ATTACK,no_attacker_absent,29
1936,3,5,U,ATTACK,no_attacker_absent,16
1937,5,5,U,DRAW,not_in_library_graveyard,8
1938,3,5,U,ATTACK,no_attacker_absent,23
1939,11,11,O,CAST,not_playable,31
1940,5,7,U,ATTACK,no_attacker_absent,11
1941,6,12,U,DRAW,not_in_library_graveyard,5
1942,4,6,U,LAND,not_in_hand,10
1943,4,4,U,DRAW,not_in_library_graveyard,8
1944,6,7,U,DRAW,not_in_library_hand,12
1945,7,9,U,BLOCK,no_blocker,4
1946,6,10,O,SWAP,not_in_library_missing,10
1947,8,12,U,LAND,not_in_hand,13
1948,5,10,U,CAST,not_in_hand,20
1949,8,9,O,CAST,not_playable,21
1950,5,7,O,ATTACK,no_attacker_absent,10
1951,9,9,O,BLOCK,no_blocker,1
1952,7,8,O,SWAP,not_in_library_graveyard,7
1953,7,7,U,LAND,not_in_hand,12
1954,5,9,O,SWAP,no_spare_hand_grew,3
1955,6,10,U,DRAW,not_in_library_battlefield,9
1956,5,5,U,LAND,not_in_hand,13
1957,5,5,U,LAND,not_in_hand,24
1958,8,8,U,CAST,not_playable,14
1959,5,6,U,LAND,not_in_hand,19
1960,5,7,U,ATTACK,no_attacker_absent,5
1961,7,10,O,SWAP,not_in_library_graveyard,3
1962,12,13,U,ATTACK,no_attacker_tapped,6
1963,8,9,U,LAND,not_in_hand,3
1964,7,9,U,ATTACK,no_attacker_absent,2
1965,9,10,O,SWAP,not_in_library_graveyard,9
1966,4,8,U,ATTACK,no_attacker_absent,2
1967,11,11,U,CAST,not_in_hand,16
1968,5,7,U,ATTACK,no_attacker_absent,12
1969,9,11,O,ATTACK,no_attacker_absent,5
1970,3,5,U,DRAW,not_in_library_battlefield,9
1971,9,8,O,SWAP,not_in_library_missing,8
1972,6,6,U,DRAW,not_in_library_graveyard,13
1973,5,6,O,CAST,not_playable,7
1974,7,7,O,ATTACK,no_attacker_absent,6
1975,5,6,U,ATTACK,no_attacker_absent,17
1976,9,9,U,LAND,not_in_hand,9
1977,4,6,U,DRAW,not_in_library_hand,28
1978,9,9,O,CAST,not_playable,8
1979,10,10,U,CAST,not_playable,5
1980,4,5,O,CAST,not_playable,24
1981,9,10,O,SWAP,not_in_library_graveyard,16
1982,5,7,U,CAST,not_playable,20
1983,15,12,O,SWAP,not_in_library_missing,10
1984,5,11,U,CAST,not_playable,16
1985,5,8,U,CAST,not_playable,8
1986,9,11,O,CAST,activate_failed,9
1987,8,11,O,CASTI,not_in_hand,9
1988,8,6,O,SWAP,not_in_library_missing,1
1989,7,8,U,DRAW,not_in_library_battlefield,20
1990,5,7,U,ATTACK,no_attacker_absent,3
1991,4,4,U,LAND,not_in_hand,21
1992,6,8,U,DRAW,not_in_library_graveyard,10
1993,14,15,U,ATTACK,no_attacker_absent,1
1994,9,10,U,CAST,not_in_hand,2
1995,7,7,O,SWAP,not_in_library_graveyard,21
1996,5,8,O,CAST,not_playable,19
1997,10,10,O,CAST,not_playable,10
1998,5,7,U,ATTACK,no_attacker_absent,11
1999,8,10,U,LAND,not_in_hand,8
