game,cause
0,field_oppo_life
1,field_user_life
2,forced_LAND_not_in_hand
3,field_oppo_hand
4,forced_CAST_not_playable
5,ability_logged
6,hidden_choice
7,forced_ATTACK_no_attacker_absent
8,forced_SWAP_not_in_library_graveyard
9,forced_DRAW_not_in_library_graveyard
10,ability_logged
11,ability_logged
12,hidden_choice
13,ability_logged
14,ability_logged
15,hidden_choice
16,forced_DRAW_not_in_library_graveyard
17,ability_logged
18,forced_LAND_not_in_hand
19,hidden_choice
20,hidden_choice
21,ability_logged
22,hidden_choice
23,ability_logged
24,field_user_life
25,hidden_choice
26,forced_DRAW_not_in_library_graveyard
27,forced_CAST_not_playable
28,ability_logged
29,field_oppo_life
30,field_user_creatures
31,field_user_life
32,forced_DRAW_not_in_library_graveyard
33,field_user_life
34,forced_ATTACK_no_attacker_tapped
35,ability_logged
36,hidden_choice
37,forced_SWAP_not_in_library_battlefield
38,ability_logged
39,field_user_life
40,hidden_choice
41,ability_logged
42,hidden_choice
43,field_user_creatures
44,field_user_creatures
45,field_oppo_life
46,field_user_noncreatures
47,hidden_choice
48,field_oppo_life
49,forced_BLOCK_no_blocker
50,field_user_life
51,field_oppo_life
52,ability_logged
53,ability_logged
54,forced_BLOCK_no_blocker
55,ability_logged
56,ability_logged
57,forced_BLOCK_no_blocker
58,forced_CAST_not_in_hand
59,hidden_choice
60,ability_logged
61,forced_SWAP_not_in_library_graveyard
62,field_user_life
63,ability_logged
64,forced_BLOCK_no_blocker
65,field_user_creatures
66,field_user_hand
67,ability_logged
68,field_user_hand
69,field_user_creatures
70,hidden_choice
71,ability_logged
72,forced_CAST_not_playable
73,forced_DRAW_not_in_library_graveyard
74,hidden_choice
75,hidden_choice
76,field_user_life
77,field_oppo_life
78,forced_CAST_not_playable
79,forced_CAST_activate_failed
80,field_user_creatures
81,forced_DRAW_not_in_library_graveyard
82,field_user_hand
83,forced_ATTACK_no_attacker_tapped
84,ability_logged
85,ability_logged
86,ability_logged
87,hidden_choice
88,forced_DRAW_not_in_library_graveyard
89,forced_CAST_not_playable
90,field_user_creatures
91,ability_logged
92,forced_DRAW_not_in_library_graveyard
93,field_user_hand
94,forced_CAST_not_playable
95,ability_logged
96,hidden_choice
97,hidden_choice
98,ability_logged
99,hidden_choice
100,field_oppo_life
101,field_user_life
102,ability_logged
103,ability_logged
104,forced_LAND_not_in_hand
105,forced_CAST_not_in_hand
106,hidden_choice
107,forced_ATTACK_no_attacker_absent
108,hidden_choice
109,hidden_choice
110,field_oppo_life
111,field_oppo_life
112,forced_LAND_not_in_hand
113,forced_DRAW_not_in_library_graveyard
114,forced_LAND_not_in_hand
115,field_user_hand
116,field_user_life
117,ability_logged
118,forced_CAST_not_in_hand
119,field_user_life
120,ability_logged
121,field_user_life
123,forced_DRAW_not_in_library_hand
124,forced_CAST_activate_failed
125,forced_DRAW_not_in_library_graveyard
126,hidden_choice
127,forced_CAST_activate_failed
128,forced_CAST_not_playable
129,forced_CAST_not_playable
130,field_user_hand
131,forced_SWAP_not_in_library_battlefield
132,field_user_creatures
133,ability_logged
134,ability_logged
135,ability_logged
136,field_user_creatures
137,forced_DRAW_not_in_library_graveyard
138,forced_SWAP_not_in_library_graveyard
139,ability_logged
140,forced_CAST_activate_failed
141,field_user_life
142,ability_logged
143,forced_SWAP_not_in_library_missing
144,forced_ATTACK_no_attacker_absent
145,ability_logged
146,hidden_choice
147,field_user_life
148,forced_SWAP_not_in_library_missing
149,hidden_choice
150,field_user_creatures
151,forced_BLOCK_no_blocker
152,forced_CAST_activate_failed
153,hidden_choice
154,forced_DRAW_not_in_library_graveyard
155,ability_logged
156,field_user_creatures
157,field_user_hand
158,field_user_creatures
159,forced_SWAP_not_in_library_graveyard
160,ability_logged
161,ability_logged
162,field_user_life
163,hidden_choice
164,forced_LAND_not_in_hand
165,forced_DRAW_not_in_library_graveyard
166,forced_CAST_activate_failed
167,forced_DRAW_not_in_library_graveyard
168,hidden_choice
169,hidden_choice
170,ability_logged
171,field_user_life
172,forced_CAST_not_playable
173,ability_logged
174,forced_CAST_not_playable
175,forced_DRAW_not_in_library_graveyard
176,field_user_hand
177,ability_logged
178,hidden_choice
179,field_user_noncreatures
180,ability_logged
181,forced_BLOCK_no_blocker
182,hidden_choice
183,field_user_creatures
184,field_user_life
185,field_oppo_life
186,forced_ATTACK_no_attacker_sick_or_cannot
187,field_user_life
188,hidden_choice
189,field_user_creatures
190,forced_CAST_activate_failed
191,hidden_choice
192,hidden_choice
193,ability_logged
194,hidden_choice
195,ability_logged
196,forced_DRAW_not_in_library_graveyard
197,ability_logged
198,hidden_choice
199,forced_CAST_activate_failed
200,field_oppo_life
201,field_user_hand
202,field_user_noncreatures
203,forced_ATTACK_no_attacker_absent
204,field_user_life
205,ability_logged
206,field_user_creatures
207,forced_ATTACK_no_attacker_sick_or_cannot
208,forced_LAND_not_in_hand
209,field_user_life
210,ability_logged
211,forced_SWAP_not_in_library_graveyard
212,hidden_choice
213,forced_CAST_not_playable
214,ability_logged
215,hidden_choice
216,hidden_choice
217,ability_logged
218,ability_logged
219,ability_logged
220,field_user_creatures
221,field_user_creatures
222,field_oppo_life
223,forced_LAND_not_in_hand
224,field_oppo_life
225,field_oppo_life
226,hidden_choice
227,ability_logged
228,forced_DRAW_not_in_library_graveyard
229,field_oppo_life
230,ability_logged
231,forced_DRAW_not_in_library_graveyard
232,field_user_life
233,hidden_choice
234,forced_CAST_not_in_hand
235,field_user_creatures
236,field_user_creatures
237,ability_logged
238,ability_logged
239,field_user_creatures
240,forced_BLOCK_no_blocker
241,hidden_choice
242,ability_logged
243,forced_BLOCK_no_blocker
244,ability_logged
245,forced_BLOCK_no_blocker
246,forced_DRAW_not_in_library_hand
247,forced_DRAW_not_in_library_graveyard
249,ability_logged
250,field_user_life
251,field_user_life
252,forced_CAST_not_playable
253,ability_logged
254,field_user_creatures
255,forced_CAST_not_in_hand
256,field_user_creatures
257,forced_DRAW_not_in_library_graveyard
258,hidden_choice
259,forced_CAST_not_in_hand
260,field_user_hand
261,field_oppo_life
262,ability_logged
263,field_oppo_hand
264,forced_SWAP_not_in_library_graveyard
265,hidden_choice
266,forced_SWAP_not_in_library_graveyard
267,forced_BLOCK_no_blocker
268,forced_BLOCK_no_blocker
269,field_oppo_life
270,forced_CAST_not_in_hand
271,hidden_choice
272,ability_logged
273,ability_logged
274,ability_logged
275,field_user_life
276,field_user_hand
277,forced_DRAW_not_in_library_graveyard
278,forced_LAND_not_in_hand
279,forced_CAST_not_playable
280,field_user_life
281,ability_logged
282,forced_BLOCK_no_blocker
283,hidden_choice
284,hidden_choice
285,field_oppo_life
286,forced_DRAW_not_in_library_graveyard
287,forced_DRAW_not_in_library_graveyard
288,forced_CAST_not_in_hand
289,field_user_life
290,ability_logged
291,ability_logged
292,ability_logged
293,forced_ATTACK_no_attacker_absent
294,ability_logged
295,field_user_life
296,ability_logged
297,forced_BLOCK_no_blocker
298,hidden_choice
299,forced_CAST_not_playable
300,forced_SWAP_not_in_library_missing
301,field_oppo_hand
302,field_user_creatures
303,ability_logged
304,forced_CAST_not_playable
305,field_oppo_hand
306,forced_BLOCK_no_blocker
307,ability_logged
308,ability_logged
309,forced_BLOCK_no_blocker
310,field_oppo_hand
311,ability_logged
312,field_oppo_life
313,forced_CAST_activate_failed
314,field_user_life
315,forced_CAST_activate_failed
316,field_user_life
317,ability_logged
318,forced_CAST_not_in_hand
319,forced_CAST_not_playable
320,forced_CAST_not_playable
321,hidden_choice
322,hidden_choice
323,ability_logged
324,forced_ATTACK_no_attacker_absent
325,forced_CAST_not_playable
326,field_user_creatures
327,forced_SWAP_not_in_library_graveyard
328,field_user_hand
329,forced_SWAP_not_in_library_missing
330,forced_ATTACK_no_attacker_tapped
331,field_user_hand
332,forced_DRAW_not_in_library_graveyard
333,forced_BLOCK_no_blocker
334,forced_SWAP_not_in_library_graveyard
335,hidden_choice
336,forced_BLOCK_no_blocker
337,ability_logged
338,ability_logged
339,hidden_choice
340,ability_logged
341,field_user_life
342,ability_logged
343,field_user_creatures
344,ability_logged
345,field_oppo_life
346,field_user_life
347,forced_ATTACK_no_attacker_sick_or_cannot
348,ability_logged
349,forced_CAST_not_playable
350,forced_LAND_not_in_hand
351,field_oppo_hand
352,hidden_choice
353,ability_logged
354,forced_BLOCK_no_blocker
355,ability_logged
356,ability_logged
357,hidden_choice
358,forced_LAND_not_in_hand
359,hidden_choice
360,field_user_life
361,forced_CAST_not_in_hand
362,field_user_life
363,ability_logged
364,hidden_choice
365,forced_LAND_not_in_hand
366,ability_logged
367,field_user_hand
368,forced_ATTACK_no_attacker_sick_or_cannot
369,forced_BLOCK_no_blocker
370,hidden_choice
371,field_user_creatures
372,forced_LAND_not_in_hand
373,forced_LAND_not_in_hand
374,field_oppo_life
375,ability_logged
376,field_oppo_life
377,ability_logged
378,forced_DRAW_not_in_library_graveyard
379,field_user_life
380,field_oppo_hand
381,forced_CAST_not_playable
382,hidden_choice
383,field_oppo_life
384,ability_logged
385,ability_logged
386,ability_logged
387,forced_DRAW_not_in_library_graveyard
388,hidden_choice
389,forced_ATTACK_no_attacker_tapped
390,field_oppo_life
391,forced_LAND_not_in_hand
392,ability_logged
393,forced_LAND_not_in_hand
394,forced_BLOCK_no_blocker
395,forced_CAST_not_playable
396,hidden_choice
397,hidden_choice
398,hidden_choice
399,field_oppo_life
400,ability_logged
401,forced_LAND_not_in_hand
402,forced_DRAW_not_in_library_graveyard
403,forced_CAST_not_playable
404,forced_LAND_not_in_hand
405,field_user_noncreatures
406,field_oppo_life
407,forced_LAND_not_in_hand
408,field_user_life
409,ability_logged
410,forced_SWAP_not_in_library_missing
411,forced_DRAW_not_in_library_graveyard
412,field_user_life
413,hidden_choice
414,ability_logged
415,field_user_life
416,forced_BLOCK_no_blocker
417,field_oppo_life
418,field_user_creatures
420,forced_CAST_activate_failed
421,forced_CAST_not_in_hand
422,hidden_choice
423,ability_logged
424,ability_logged
425,field_oppo_life
426,field_user_creatures
427,hidden_choice
428,hidden_choice
429,ability_logged
430,ability_logged
431,hidden_choice
432,field_user_lands
433,hidden_choice
434,ability_logged
435,ability_logged
436,field_oppo_life
437,field_user_hand
438,ability_logged
439,field_oppo_life
440,forced_CAST_not_playable
441,forced_DRAW_not_in_library_graveyard
442,ability_logged
443,ability_logged
444,forced_SWAP_not_in_library_graveyard
445,forced_DRAW_not_in_library_graveyard
446,forced_SWAP_not_in_library_battlefield
447,field_oppo_life
448,hidden_choice
449,field_oppo_hand
450,forced_CAST_activate_failed
451,field_oppo_life
452,hidden_choice
453,forced_DRAW_not_in_library_graveyard
454,forced_DRAW_not_in_library_graveyard
455,hidden_choice
456,field_oppo_life
457,ability_logged
458,forced_DRAW_not_in_library_graveyard
459,ability_logged
460,forced_LAND_not_in_hand
461,field_user_creatures
462,field_oppo_life
463,forced_ATTACK_no_attacker_absent
464,field_user_life
465,field_oppo_hand
466,ability_logged
467,ability_logged
468,forced_DRAW_not_in_library_graveyard
469,forced_LAND_not_in_hand
470,ability_logged
471,ability_logged
472,forced_CAST_not_in_hand
473,ability_logged
474,forced_LAND_not_in_hand
475,hidden_choice
476,forced_DRAW_not_in_library_graveyard
477,field_user_hand
478,ability_logged
479,forced_SWAP_not_in_library_battlefield
480,ability_logged
481,ability_logged
482,ability_logged
483,ability_logged
484,forced_LAND_not_in_hand
485,ability_logged
486,forced_BLOCK_no_blocker
487,ability_logged
488,hidden_choice
489,field_user_life
490,forced_CAST_not_in_hand
491,forced_SWAP_not_in_library_missing
492,field_oppo_life
493,forced_SWAP_not_in_library_graveyard
494,forced_BLOCK_no_blocker
495,forced_CAST_activate_failed
496,hidden_choice
497,hidden_choice
498,field_user_life
499,hidden_choice
500,ability_logged
501,ability_logged
502,field_user_hand
503,ability_logged
504,forced_CAST_not_playable
505,forced_CAST_not_in_hand
506,ability_logged
507,forced_CAST_activate_failed
508,ability_logged
509,ability_logged
510,field_oppo_hand
511,ability_logged
512,ability_logged
513,field_user_life
514,ability_logged
515,field_user_creatures
516,forced_CAST_not_playable
517,field_user_hand
518,forced_SWAP_not_in_library_missing
519,field_oppo_hand
520,ability_logged
521,hidden_choice
522,field_oppo_life
523,hidden_choice
524,ability_logged
525,forced_LAND_not_in_hand
526,forced_CAST_not_playable
527,ability_logged
528,ability_logged
529,ability_logged
530,ability_logged
531,ability_logged
532,forced_SWAP_not_in_library_graveyard
533,field_user_life
534,field_oppo_life
535,forced_ATTACK_no_attacker_tapped
536,ability_logged
537,forced_LAND_not_in_hand
538,hidden_choice
539,hidden_choice
540,field_oppo_hand
542,ability_logged
543,field_oppo_life
544,forced_SWAP_no_spare_hand_grew
545,forced_CAST_not_in_hand
546,forced_LAND_not_in_hand
547,ability_logged
548,forced_DRAW_not_in_library_graveyard
549,field_user_creatures
550,field_user_life
551,forced_DRAW_not_in_library_graveyard
552,forced_SWAP_not_in_library_graveyard
553,forced_CAST_not_in_hand
554,forced_BLOCK_no_blocker
555,ability_logged
556,forced_CAST_not_playable
557,field_user_life
558,hidden_choice
559,ability_logged
560,forced_BLOCK_no_blocker
561,ability_logged
562,forced_CAST_activate_failed
563,field_user_creatures
564,field_user_creatures
565,field_user_life
566,ability_logged
567,forced_SWAP_not_in_library_graveyard
568,ability_logged
569,ability_logged
570,forced_LAND_not_in_hand
571,hidden_choice
572,field_oppo_life
573,ability_logged
574,forced_CAST_activate_failed
575,ability_logged
576,forced_CAST_not_in_hand
577,forced_CAST_activate_failed
578,forced_LAND_not_in_hand
579,ability_logged
580,forced_DRAW_not_in_library_graveyard
581,field_oppo_life
582,forced_CAST_activate_failed
583,ability_logged
584,field_oppo_hand
585,hidden_choice
586,ability_logged
587,ability_logged
588,hidden_choice
589,forced_SWAP_no_spare_hand_grew
590,forced_DRAW_not_in_library_graveyard
591,forced_SWAP_not_in_library_graveyard
592,forced_BLOCK_no_blocker
593,ability_logged
594,hidden_choice
595,ability_logged
596,field_user_creatures
597,forced_LAND_not_in_hand
598,forced_DRAW_not_in_library_graveyard
599,forced_CAST_not_playable
600,hidden_choice
601,forced_CAST_activate_failed
602,forced_BLOCK_no_blocker
603,hidden_choice
604,field_user_life
605,field_user_creatures
606,forced_CAST_not_playable
607,ability_logged
608,field_oppo_life
609,hidden_choice
610,forced_CAST_not_playable
611,hidden_choice
612,forced_LAND_not_in_hand
613,field_oppo_life
614,ability_logged
615,hidden_choice
616,hidden_choice
617,field_oppo_life
618,ability_logged
619,ability_logged
620,field_user_creatures
621,hidden_choice
622,ability_logged
623,forced_CAST_not_in_hand
624,ability_logged
625,field_oppo_life
626,field_user_lands
627,ability_logged
628,forced_SWAP_not_in_library_graveyard
629,field_user_hand
630,forced_CAST_activate_failed
631,forced_SWAP_not_in_library_missing
632,field_user_life
633,hidden_choice
634,field_user_hand
635,field_oppo_hand
636,forced_BLOCK_no_blocker
637,hidden_choice
638,ability_logged
639,forced_DRAW_not_in_library_graveyard
640,field_oppo_life
641,hidden_choice
642,ability_logged
643,hidden_choice
644,forced_CAST_not_playable
645,forced_BLOCK_no_blocker
646,forced_DRAW_not_in_library_graveyard
647,forced_DRAW_not_in_library_graveyard
648,field_oppo_life
649,hidden_choice
650,forced_LAND_not_in_hand
651,hidden_choice
652,forced_CAST_not_in_hand
653,field_oppo_life
654,field_user_life
655,field_user_life
656,hidden_choice
657,hidden_choice
658,field_user_creatures
659,forced_SWAP_no_spare_hand_grew
660,forced_CAST_activate_failed
661,field_oppo_life
662,ability_logged
663,ability_logged
664,field_user_creatures
665,field_oppo_life
666,hidden_choice
667,forced_ATTACK_no_attacker_sick_or_cannot
668,forced_CAST_activate_failed
669,field_user_creatures
670,hidden_choice
671,forced_CAST_not_in_hand
672,ability_logged
673,forced_SWAP_not_in_library_missing
674,field_oppo_life
675,ability_logged
676,field_user_creatures
677,forced_LAND_not_in_hand
678,ability_logged
679,forced_DRAW_not_in_library_graveyard
680,forced_CAST_not_playable
681,forced_BLOCK_no_blocker
682,forced_DRAW_not_in_library_graveyard
683,hidden_choice
684,field_oppo_life
685,hidden_choice
686,field_user_hand
687,ability_logged
688,ability_logged
689,ability_logged
690,ability_logged
691,ability_logged
692,field_user_hand
693,ability_logged
694,forced_BLOCK_no_blocker
695,ability_logged
696,field_oppo_life
697,field_oppo_life
698,ability_logged
699,field_user_hand
700,hidden_choice
701,field_user_creatures
702,forced_LAND_not_in_hand
703,forced_DRAW_not_in_library_graveyard
704,hidden_choice
705,ability_logged
706,field_user_creatures
707,forced_LAND_not_in_hand
708,hidden_choice
709,hidden_choice
710,field_oppo_life
711,ability_logged
712,forced_ATTACK_no_attacker_tapped
713,forced_SWAP_not_in_library_battlefield
714,ability_logged
715,forced_DRAW_not_in_library_graveyard
716,forced_DRAW_not_in_library_graveyard
717,ability_logged
718,hidden_choice
719,forced_SWAP_not_in_library_battlefield
720,forced_CAST_not_in_hand
721,field_oppo_life
722,forced_CAST_not_playable
723,ability_logged
724,field_oppo_life
725,forced_SWAP_not_in_library_graveyard
726,forced_SWAP_not_in_library_graveyard
727,ability_logged
728,forced_LAND_not_in_hand
729,forced_CAST_not_playable
730,ability_logged
731,ability_logged
732,forced_DRAW_not_in_library_elsewhere
733,forced_CAST_not_in_hand
734,forced_DRAW_not_in_library_graveyard
735,ability_logged
736,forced_SWAP_no_spare_hand_grew
737,hidden_choice
738,ability_logged
739,ability_logged
740,forced_SWAP_no_spare_hand_grew
741,field_user_creatures
742,hidden_choice
743,ability_logged
744,forced_CAST_activate_failed
745,forced_CAST_not_in_hand
746,forced_SWAP_not_in_library_battlefield
747,ability_logged
748,hidden_choice
749,ability_logged
750,field_oppo_life
751,field_oppo_hand
752,field_user_hand
753,ability_logged
754,field_oppo_life
755,forced_CAST_not_in_hand
756,field_oppo_life
757,ability_logged
758,forced_DRAW_not_in_library_graveyard
759,forced_DRAW_not_in_library_hand
760,field_user_life
761,forced_CAST_not_playable
762,hidden_choice
763,field_user_creatures
764,field_user_hand
765,field_user_life
766,forced_SWAP_not_in_library_missing
767,hidden_choice
768,field_oppo_life
769,hidden_choice
770,hidden_choice
771,forced_CAST_activate_failed
772,hidden_choice
773,hidden_choice
774,field_user_life
775,field_oppo_life
776,field_user_life
777,forced_BLOCK_no_blocker
778,field_user_life
779,field_oppo_life
780,forced_DRAW_not_in_library_graveyard
781,ability_logged
782,ability_logged
783,forced_SWAP_not_in_library_graveyard
784,hidden_choice
785,ability_logged
786,ability_logged
787,ability_logged
788,field_oppo_hand
789,hidden_choice
790,forced_DRAW_not_in_library_graveyard
791,forced_LAND_not_in_hand
792,forced_CAST_not_playable
793,ability_logged
794,field_oppo_life
795,field_oppo_life
796,field_user_life
797,ability_logged
798,field_oppo_life
799,ability_logged
800,ability_logged
801,ability_logged
802,ability_logged
803,ability_logged
804,field_user_life
805,forced_SWAP_not_in_library_graveyard
806,ability_logged
807,hidden_choice
808,ability_logged
809,hidden_choice
810,forced_ATTACK_no_attacker_sick_or_cannot
811,ability_logged
812,forced_CAST_activate_failed
813,forced_SWAP_not_in_library_battlefield
814,forced_LAND_not_in_hand
815,ability_logged
816,ability_logged
817,ability_logged
818,field_user_creatures
819,field_oppo_life
820,ability_logged
821,hidden_choice
822,hidden_choice
823,hidden_choice
824,ability_logged
825,field_user_life
826,forced_LAND_not_in_hand
827,hidden_choice
828,hidden_choice
829,field_user_hand
830,hidden_choice
831,ability_logged
832,forced_SWAP_not_in_library_missing
833,field_user_creatures
834,hidden_choice
835,ability_logged
836,field_oppo_life
837,field_user_hand
838,hidden_choice
839,field_oppo_life
840,ability_logged
841,ability_logged
842,field_user_life
843,ability_logged
844,ability_logged
845,hidden_choice
846,forced_SWAP_not_in_library_graveyard
847,ability_logged
848,ability_logged
849,forced_CAST_not_playable
850,ability_logged
851,field_oppo_life
852,field_user_creatures
853,ability_logged
854,field_user_creatures
855,hidden_choice
856,field_user_life
857,forced_CAST_not_in_hand
858,forced_CAST_activate_failed
859,ability_logged
860,hidden_choice
861,ability_logged
862,forced_DRAW_not_in_library_elsewhere
863,hidden_choice
864,hidden_choice
865,hidden_choice
866,hidden_choice
867,forced_DRAW_not_in_library_graveyard
868,field_oppo_life
869,ability_logged
870,field_oppo_life
871,forced_ATTACK_no_attacker_absent
872,field_user_creatures
873,ability_logged
874,ability_logged
875,ability_logged
877,ability_logged
878,ability_logged
879,forced_ATTACK_no_attacker_absent
880,forced_BLOCK_no_blocker
881,forced_LAND_not_in_hand
882,field_user_lands
883,ability_logged
884,forced_CAST_not_playable
885,forced_CAST_activate_failed
886,field_oppo_life
887,ability_logged
888,forced_CAST_not_playable
889,ability_logged
890,field_oppo_hand
891,hidden_choice
892,field_oppo_hand
893,field_user_hand
894,ability_logged
895,field_user_life
896,forced_CAST_activate_failed
897,hidden_choice
898,hidden_choice
899,field_user_creatures
900,field_oppo_life
901,ability_logged
902,ability_logged
903,forced_DRAW_not_in_library_graveyard
904,forced_BLOCK_no_blocker
905,field_oppo_life
906,forced_LAND_not_in_hand
907,forced_CAST_not_playable
908,hidden_choice
909,hidden_choice
910,forced_DRAW_not_in_library_graveyard
911,field_oppo_life
912,forced_DRAW_not_in_library_graveyard
913,forced_BLOCK_no_blocker
914,field_user_life
915,ability_logged
916,forced_BLOCK_no_blocker
917,field_user_creatures
918,forced_DRAW_not_in_library_hand
919,hidden_choice
920,hidden_choice
921,forced_CAST_activate_failed
922,forced_LAND_not_in_hand
923,forced_BLOCK_no_blocker
924,forced_CAST_not_playable
925,forced_BLOCK_no_blocker
926,forced_SWAP_not_in_library_missing
927,forced_CAST_not_playable
928,ability_logged
929,field_user_creatures
930,ability_logged
931,field_user_life
932,field_oppo_life
933,ability_logged
934,forced_DRAW_not_in_library_graveyard
935,hidden_choice
936,hidden_choice
937,ability_logged
938,forced_ATTACK_no_attacker_absent
939,field_oppo_hand
940,field_oppo_life
941,ability_logged
942,field_user_life
943,ability_logged
944,ability_logged
945,forced_ATTACK_no_attacker_sick_or_cannot
946,ability_logged
947,hidden_choice
948,forced_DRAW_not_in_library_graveyard
949,field_user_hand
950,forced_SWAP_not_in_library_graveyard
951,ability_logged
952,ability_logged
953,ability_logged
954,ability_logged
955,forced_DRAW_not_in_library_graveyard
956,ability_logged
957,ability_logged
958,hidden_choice
959,field_user_hand
960,field_user_hand
961,forced_CAST_not_playable
962,ability_logged
963,hidden_choice
964,ability_logged
965,ability_logged
966,field_user_hand
967,ability_logged
968,ability_logged
969,forced_CAST_activate_failed
970,hidden_choice
971,field_user_hand
972,forced_CAST_not_in_hand
973,field_oppo_hand
974,forced_CAST_activate_failed
975,field_user_life
976,ability_logged
977,forced_LAND_not_in_hand
978,hidden_choice
979,ability_logged
980,forced_LAND_not_in_hand
981,hidden_choice
982,ability_logged
983,forced_CAST_not_playable
984,ability_logged
985,hidden_choice
986,field_oppo_life
987,field_user_creatures
988,field_oppo_life
989,forced_CAST_not_playable
990,field_oppo_life
991,field_oppo_hand
992,hidden_choice
993,field_user_creatures
994,forced_BLOCK_no_blocker
995,forced_CAST_not_playable
996,forced_DRAW_not_in_library_graveyard
997,field_oppo_hand
998,forced_ATTACK_no_attacker_absent
999,field_user_life
1000,ability_logged
1001,field_oppo_life
1002,ability_logged
1003,field_user_creatures
1004,ability_logged
1005,field_user_hand
1006,field_user_creatures
1007,forced_ATTACK_no_attacker_sick_or_cannot
1008,forced_LAND_not_in_hand
1009,hidden_choice
1010,field_user_hand
1011,forced_BLOCK_no_blocker
1012,forced_DRAW_not_in_library_graveyard
1013,field_user_creatures
1014,hidden_choice
1015,forced_LAND_not_in_hand
1016,field_user_hand
1017,forced_CAST_not_playable
1018,forced_CAST_activate_failed
1019,forced_SWAP_not_in_library_graveyard
1020,forced_CAST_not_playable
1021,field_user_hand
1022,forced_LAND_not_in_hand
1023,field_user_creatures
1024,forced_BLOCK_no_blocker
1025,forced_BLOCK_no_blocker
1026,ability_logged
1027,field_user_life
1028,hidden_choice
1029,ability_logged
1030,field_oppo_life
1031,forced_LAND_not_in_hand
1032,field_user_life
1033,field_user_noncreatures
1034,field_user_creatures
1035,field_user_creatures
1036,forced_CAST_not_playable
1037,field_user_creatures
1038,hidden_choice
1039,ability_logged
1040,forced_CAST_activate_failed
1041,forced_DRAW_not_in_library_graveyard
1042,ability_logged
1043,forced_DRAW_not_in_library_graveyard
1044,forced_LAND_not_in_hand
1045,forced_SWAP_not_in_library_missing
1046,ability_logged
1047,ability_logged
1048,ability_logged
1049,forced_CAST_not_playable
1050,forced_ATTACK_no_attacker_absent
1051,forced_SWAP_not_in_library_graveyard
1052,field_user_creatures
1053,field_user_life
1054,ability_logged
1055,hidden_choice
1056,hidden_choice
1057,forced_CAST_activate_failed
1058,hidden_choice
1059,forced_CAST_not_in_hand
1060,forced_DRAW_not_in_library_graveyard
1061,forced_CAST_not_playable
1062,ability_logged
1063,forced_DRAW_not_in_library_graveyard
1064,forced_BLOCK_no_blocker
1065,field_oppo_life
1066,forced_CAST_not_playable
1067,forced_SWAP_not_in_library_missing
1068,hidden_choice
1069,hidden_choice
1070,field_user_hand
1071,forced_SWAP_not_in_library_graveyard
1072,ability_logged
1073,field_oppo_life
1074,field_oppo_hand
1075,ability_logged
1076,forced_CAST_not_in_hand
1077,forced_CAST_not_playable
1078,field_user_life
1079,ability_logged
1080,forced_LAND_not_in_hand
1081,hidden_choice
1082,ability_logged
1083,forced_ATTACK_no_attacker_absent
1084,forced_LAND_not_in_hand
1085,field_user_creatures
1086,ability_logged
1087,forced_SWAP_not_in_library_graveyard
1088,hidden_choice
1089,forced_SWAP_not_in_library_battlefield
1090,hidden_choice
1091,field_user_life
1092,ability_logged
1093,hidden_choice
1094,forced_ATTACK_no_attacker_absent
1095,field_user_creatures
1096,forced_CAST_not_playable
1097,field_user_creatures
1098,forced_CAST_not_playable
1099,field_user_creatures
1100,forced_DRAW_not_in_library_graveyard
1101,hidden_choice
1102,forced_LAND_not_in_hand
1103,field_user_creatures
1104,ability_logged
1105,ability_logged
1106,field_user_creatures
1107,ability_logged
1108,hidden_choice
1109,field_user_creatures
1110,forced_CAST_activate_failed
1111,forced_CAST_not_playable
1112,ability_logged
1113,hidden_choice
1114,ability_logged
1115,forced_BLOCK_no_blocker
1116,forced_DRAW_not_in_library_graveyard
1117,field_user_creatures
1118,field_user_hand
1119,field_user_creatures
1120,forced_DRAW_not_in_library_graveyard
1121,field_user_life
1122,hidden_choice
1123,forced_CAST_not_in_hand
1124,hidden_choice
1125,ability_logged
1126,forced_CAST_not_playable
1127,field_user_creatures
1128,forced_DRAW_not_in_library_graveyard
1129,ability_logged
1130,ability_logged
1131,forced_DRAW_not_in_library_graveyard
1132,forced_SWAP_not_in_library_graveyard
1133,field_user_creatures
1134,ability_logged
1135,ability_logged
1136,ability_logged
1137,forced_DRAW_not_in_library_graveyard
1138,forced_DRAW_not_in_library_graveyard
1139,ability_logged
1140,ability_logged
1141,hidden_choice
1142,ability_logged
1143,field_user_creatures
1144,forced_CAST_not_in_hand
1145,ability_logged
1146,field_user_life
1147,forced_DRAW_not_in_library_hand
1148,field_user_life
1149,forced_SWAP_not_in_library_graveyard
1150,forced_CAST_not_playable
1151,forced_DRAW_not_in_library_graveyard
1152,field_user_hand
1153,field_oppo_life
1154,forced_DRAW_not_in_library_graveyard
1155,hidden_choice
1156,hidden_choice
1157,ability_logged
1158,ability_logged
1159,forced_DRAW_not_in_library_graveyard
1160,field_user_hand
1161,ability_logged
1162,forced_SWAP_not_in_library_graveyard
1163,forced_BLOCK_no_blocker
1164,forced_SWAP_not_in_library_graveyard
1165,hidden_choice
1166,forced_LAND_not_in_hand
1167,forced_BLOCK_no_blocker
1168,forced_SWAP_not_in_library_graveyard
1169,forced_CAST_not_playable
1170,forced_CAST_not_playable
1171,forced_DRAW_not_in_library_graveyard
1172,ability_logged
1173,ability_logged
1174,forced_DRAW_not_in_library_graveyard
1176,hidden_choice
1177,field_user_life
1178,field_oppo_life
1179,ability_logged
1180,forced_BLOCK_no_blocker
1181,hidden_choice
1182,forced_DRAW_not_in_library_graveyard
1183,forced_DRAW_not_in_library_graveyard
1184,field_user_life
1185,forced_CAST_not_playable
1186,field_oppo_life
1187,ability_logged
1188,ability_logged
1189,hidden_choice
1190,hidden_choice
1191,field_user_creatures
1192,hidden_choice
1193,forced_LAND_not_in_hand
1194,ability_logged
1195,forced_LAND_not_in_hand
1196,field_oppo_life
1197,field_user_creatures
1198,ability_logged
1199,forced_CAST_not_playable
1200,ability_logged
1201,ability_logged
1202,field_user_noncreatures
1203,forced_CAST_not_playable
1204,forced_BLOCK_no_blocker
1205,forced_CAST_not_in_hand
1206,forced_CAST_activate_failed
1207,forced_CAST_not_playable
1208,forced_DRAW_not_in_library_graveyard
1209,forced_CAST_not_playable
1210,forced_DRAW_not_in_library_hand
1211,ability_logged
1212,ability_logged
1213,forced_SWAP_not_in_library_missing
1214,forced_DRAW_not_in_library_graveyard
1215,ability_logged
1216,field_user_hand
1217,ability_logged
1218,ability_logged
1219,forced_DRAW_not_in_library_graveyard
1220,forced_SWAP_not_in_library_missing
1221,forced_LAND_not_in_hand
1222,hidden_choice
1223,hidden_choice
1224,forced_ATTACK_no_attacker_absent
1225,forced_LAND_not_in_hand
1226,field_user_creatures
1227,forced_CAST_activate_failed
1228,forced_ATTACK_no_attacker_absent
1229,ability_logged
1230,field_oppo_hand
1231,ability_logged
1232,field_oppo_hand
1233,forced_SWAP_not_in_library_missing
1234,ability_logged
1235,field_user_hand
1236,ability_logged
1237,forced_SWAP_not_in_library_graveyard
1238,field_user_life
1239,forced_DRAW_not_in_library_graveyard
1240,forced_CAST_not_playable
1241,ability_logged
1242,hidden_choice
1243,field_user_life
1244,forced_CAST_not_playable
1246,field_oppo_life
1247,ability_logged
1248,ability_logged
1249,field_oppo_life
1250,ability_logged
1251,forced_CAST_activate_failed
1252,field_user_creatures
1253,ability_logged
1254,field_user_creatures
1255,forced_ATTACK_no_attacker_absent
1256,ability_logged
1257,forced_SWAP_not_in_library_graveyard
1258,ability_logged
1259,forced_DRAW_not_in_library_graveyard
1260,field_user_life
1261,field_oppo_life
1262,hidden_choice
1263,forced_LAND_not_in_hand
1264,hidden_choice
1265,hidden_choice
1266,field_user_creatures
1267,hidden_choice
1268,ability_logged
1269,forced_SWAP_not_in_library_missing
1270,field_user_hand
1271,field_oppo_life
1272,ability_logged
1273,ability_logged
1274,field_oppo_life
1275,ability_logged
1276,forced_SWAP_not_in_library_battlefield
1277,field_oppo_life
1278,forced_LAND_not_in_hand
1279,field_oppo_life
1280,ability_logged
1281,forced_CAST_not_playable
1282,field_user_creatures
1283,hidden_choice
1284,forced_DRAW_not_in_library_graveyard
1285,ability_logged
1286,hidden_choice
1287,forced_DRAW_not_in_library_graveyard
1288,ability_logged
1289,ability_logged
1290,field_user_hand
1291,forced_SWAP_not_in_library_graveyard
1292,ability_logged
1293,ability_logged
1294,forced_SWAP_no_spare_hand_grew
1295,forced_ATTACK_no_attacker_absent
1296,ability_logged
1297,ability_logged
1298,field_oppo_life
1299,ability_logged
1300,forced_DRAW_not_in_library_graveyard
1301,ability_logged
1302,field_user_life
1303,ability_logged
1304,forced_DRAW_not_in_library_graveyard
1305,ability_logged
1306,ability_logged
1307,ability_logged
1308,ability_logged
1309,forced_ATTACK_no_attacker_sick_or_cannot
1310,ability_logged
1311,ability_logged
1312,ability_logged
1313,forced_BLOCK_no_blocker
1314,ability_logged
1315,forced_LAND_not_in_hand
1316,ability_logged
1317,ability_logged
1318,ability_logged
1319,ability_logged
1320,forced_CAST_not_playable
1321,ability_logged
1322,field_user_creatures
1323,forced_ATTACK_no_attacker_absent
1324,ability_logged
1325,field_user_creatures
1326,hidden_choice
1327,ability_logged
1328,ability_logged
1329,forced_CAST_not_playable
1330,forced_CAST_activate_failed
1331,ability_logged
1332,forced_DRAW_not_in_library_hand
1333,ability_logged
1334,ability_logged
1335,field_oppo_hand
1336,forced_BLOCK_no_blocker
1337,ability_logged
1338,forced_CAST_not_playable
1339,field_oppo_life
1340,forced_DRAW_not_in_library_graveyard
1341,field_user_life
1342,ability_logged
1343,ability_logged
1344,ability_logged
1345,forced_SWAP_not_in_library_graveyard
1346,ability_logged
1347,forced_CAST_not_in_hand
1348,field_user_life
1349,ability_logged
1350,forced_ATTACK_no_attacker_sick_or_cannot
1351,forced_LAND_not_in_hand
1352,field_user_creatures
1353,forced_ATTACK_no_attacker_absent
1354,field_oppo_life
1355,hidden_choice
1356,forced_DRAW_not_in_library_elsewhere
1357,ability_logged
1358,ability_logged
1359,hidden_choice
1360,field_user_life
1361,forced_LAND_not_in_hand
1362,forced_DRAW_not_in_library_graveyard
1363,hidden_choice
1364,hidden_choice
1365,forced_LAND_not_in_hand
1366,forced_DRAW_not_in_library_graveyard
1367,hidden_choice
1368,forced_DRAW_not_in_library_graveyard
1369,ability_logged
1370,forced_LAND_not_in_hand
1371,forced_BLOCK_no_blocker
1372,ability_logged
1373,ability_logged
1374,field_oppo_hand
1375,forced_DRAW_not_in_library_graveyard
1376,field_user_hand
1377,forced_LAND_not_in_hand
1378,ability_logged
1379,forced_DRAW_not_in_library_graveyard
1380,ability_logged
1381,ability_logged
1382,ability_logged
1383,field_user_noncreatures
1384,forced_ATTACK_no_attacker_absent
1386,ability_logged
1387,field_oppo_hand
1388,forced_BLOCK_no_blocker
1389,field_user_hand
1390,ability_logged
1391,ability_logged
1392,forced_CAST_not_playable
1393,forced_CAST_not_playable
1394,field_user_life
1395,forced_CAST_not_playable
1396,forced_BLOCK_no_blocker
1397,forced_DRAW_not_in_library_graveyard
1398,ability_logged
1399,hidden_choice
1400,field_user_hand
1401,hidden_choice
1402,forced_BLOCK_no_blocker
1403,hidden_choice
1404,field_user_life
1405,forced_SWAP_not_in_library_missing
1406,ability_logged
1407,forced_CAST_not_playable
1408,field_user_creatures
1409,forced_DRAW_not_in_library_graveyard
1410,field_oppo_life
1411,field_oppo_life
1412,forced_DRAW_not_in_library_graveyard
1413,field_user_creatures
1414,hidden_choice
1415,ability_logged
1416,forced_CAST_not_playable
1417,ability_logged
1418,hidden_choice
1419,ability_logged
1420,field_user_hand
1421,forced_CAST_not_playable
1422,field_user_creatures
1423,ability_logged
1424,field_user_life
1425,ability_logged
1426,field_user_creatures
1427,field_user_noncreatures
1428,hidden_choice
1429,forced_BLOCK_no_blocker
1430,forced_DRAW_not_in_library_graveyard
1431,field_oppo_life
1432,hidden_choice
1433,forced_DRAW_not_in_library_graveyard
1434,hidden_choice
1435,forced_SWAP_not_in_library_battlefield
1436,field_user_life
1437,ability_logged
1438,ability_logged
1439,ability_logged
1440,hidden_choice
1441,field_user_hand
1442,hidden_choice
1443,ability_logged
1444,ability_logged
1445,hidden_choice
1446,forced_SWAP_not_in_library_graveyard
1447,forced_SWAP_no_spare_hand_grew
1448,ability_logged
1449,forced_SWAP_not_in_library_missing
1450,hidden_choice
1451,field_oppo_life
1452,forced_CAST_not_playable
1453,field_user_hand
1454,forced_CAST_not_in_hand
1456,ability_logged
1457,forced_CAST_activate_failed
1458,forced_CAST_activate_failed
1459,forced_CAST_not_playable
1460,field_user_hand
1461,ability_logged
1462,field_oppo_life
1463,field_oppo_life
1464,field_user_life
1465,field_user_noncreatures
1466,ability_logged
1467,field_user_noncreatures
1468,forced_BLOCK_no_blocker
1469,field_user_life
1470,forced_SWAP_no_spare_hand_grew
1471,forced_DRAW_not_in_library_graveyard
1472,forced_DRAW_not_in_library_graveyard
1473,forced_DRAW_not_in_library_hand
1474,field_user_life
1475,ability_logged
1476,ability_logged
1477,forced_SWAP_not_in_library_missing
1478,forced_DRAW_not_in_library_graveyard
1479,ability_logged
1480,field_user_hand
1481,ability_logged
1482,ability_logged
1483,hidden_choice
1484,field_user_life
1485,forced_SWAP_not_in_library_missing
1486,forced_CAST_activate_failed
1487,ability_logged
1488,ability_logged
1489,ability_logged
1490,forced_ATTACK_no_attacker_absent
1491,field_user_hand
1492,field_oppo_life
1493,forced_CAST_not_playable
1494,ability_logged
1496,ability_logged
1497,field_user_life
1498,field_user_life
1499,field_user_hand
1500,ability_logged
1501,forced_CAST_activate_failed
1502,forced_CAST_not_playable
1503,forced_ATTACK_no_attacker_already_attacking
1504,ability_logged
1505,forced_ATTACK_no_attacker_tapped
1506,forced_DRAW_not_in_library_graveyard
1507,field_user_creatures
1508,hidden_choice
1509,hidden_choice
1510,forced_CAST_not_in_hand
1511,forced_LAND_not_in_hand
1512,ability_logged
1513,forced_CAST_not_in_hand
1514,forced_CAST_not_playable
1515,field_oppo_life
1516,ability_logged
1517,field_user_creatures
1518,field_user_creatures
1519,ability_logged
1520,ability_logged
1521,forced_LAND_not_in_hand
1522,ability_logged
1523,hidden_choice
1524,forced_LAND_not_in_hand
1525,field_user_creatures
1526,hidden_choice
1527,forced_DRAW_not_in_library_graveyard
1528,field_user_hand
1529,field_oppo_life
1530,forced_CAST_not_playable
1531,forced_DRAW_not_in_library_graveyard
1532,ability_logged
1533,field_oppo_life
1534,hidden_choice
1535,field_user_life
1536,forced_CAST_not_playable
1537,field_user_creatures
1538,ability_logged
1539,field_user_creatures
1540,field_oppo_hand
1541,ability_logged
1542,forced_SWAP_not_in_library_graveyard
1543,field_user_life
1544,forced_ATTACK_no_attacker_absent
1545,field_user_creatures
1546,hidden_choice
1547,forced_DRAW_not_in_library_graveyard
1548,forced_DRAW_not_in_library_graveyard
1549,forced_CAST_activate_failed
1550,forced_DRAW_not_in_library_elsewhere
1551,field_user_hand
1552,field_oppo_life
1553,ability_logged
1554,field_user_life
1555,forced_LAND_not_in_hand
1556,forced_DRAW_not_in_library_graveyard
1557,field_user_creatures
1558,forced_SWAP_not_in_library_graveyard
1559,forced_CAST_activate_failed
1560,ability_logged
1561,forced_BLOCK_no_blocker
1562,field_user_life
1564,forced_CAST_not_playable
1565,field_user_life
1566,hidden_choice
1567,ability_logged
1568,field_oppo_life
1569,forced_CAST_not_playable
1570,forced_BLOCK_no_blocker
1571,forced_DRAW_not_in_library_hand
1572,field_oppo_life
1573,ability_logged
1574,forced_SWAP_not_in_library_battlefield
1575,ability_logged
1576,hidden_choice
1577,field_oppo_hand
1578,ability_logged
1579,field_user_life
1580,forced_SWAP_not_in_library_missing
1581,forced_DRAW_not_in_library_graveyard
1582,hidden_choice
1583,field_oppo_life
1584,field_user_hand
1585,hidden_choice
1586,field_oppo_life
1587,field_user_creatures
1588,forced_CAST_not_playable
1589,ability_logged
1590,ability_logged
1591,forced_SWAP_not_in_library_missing
1592,ability_logged
1593,field_user_hand
1594,ability_logged
1595,ability_logged
1596,field_user_hand
1597,forced_CAST_not_playable
1598,ability_logged
1599,forced_SWAP_not_in_library_missing
1600,forced_CAST_not_playable
1601,field_user_creatures
1602,forced_DRAW_not_in_library_graveyard
1603,ability_logged
1604,ability_logged
1605,ability_logged
1606,hidden_choice
1607,hidden_choice
1608,field_oppo_life
1609,ability_logged
1610,hidden_choice
1611,ability_logged
1612,field_user_creatures
1613,field_user_creatures
1614,hidden_choice
1615,forced_LAND_not_in_hand
1616,ability_logged
1617,ability_logged
1618,forced_LAND_not_in_hand
1619,forced_BLOCK_no_blocker
1620,field_user_life
1621,field_user_creatures
1622,forced_CAST_not_playable
1623,forced_CAST_activate_failed
1624,ability_logged
1625,hidden_choice
1626,forced_CAST_not_in_hand
1627,field_user_life
1628,hidden_choice
1629,field_oppo_life
1630,ability_logged
1631,field_oppo_life
1632,hidden_choice
1634,ability_logged
1635,ability_logged
1636,field_user_life
1637,forced_CAST_activate_failed
1638,forced_SWAP_not_in_library_missing
1639,hidden_choice
1640,hidden_choice
1641,field_user_creatures
1642,ability_logged
1643,ability_logged
1644,forced_LAND_not_playable
1645,ability_logged
1646,field_user_creatures
1647,ability_logged
1648,forced_ATTACK_no_attacker_absent
1649,field_user_life
1650,field_user_hand
1651,forced_DRAW_not_in_library_graveyard
1652,forced_DRAW_not_in_library_graveyard
1653,field_user_life
1654,ability_logged
1655,field_user_creatures
1656,forced_DRAW_not_in_library_graveyard
1657,field_user_lands
1658,ability_logged
1659,forced_CAST_not_playable
1660,hidden_choice
1661,hidden_choice
1662,hidden_choice
1663,ability_logged
1664,ability_logged
1665,forced_LAND_not_in_hand
1666,field_user_creatures
1667,forced_DRAW_not_in_library_graveyard
1668,ability_logged
1669,forced_CAST_not_in_hand
1670,ability_logged
1671,ability_logged
1672,forced_CAST_activate_failed
1673,forced_BLOCK_no_blocker
1674,forced_SWAP_not_in_library_missing
1675,forced_DRAW_not_in_library_graveyard
1676,field_user_creatures
1677,field_user_hand
1678,field_user_hand
1679,field_user_life
1680,ability_logged
1681,hidden_choice
1682,hidden_choice
1683,hidden_choice
1684,field_user_life
1685,ability_logged
1686,hidden_choice
1687,hidden_choice
1688,forced_CAST_activate_failed
1689,ability_logged
1690,field_user_life
1691,field_user_creatures
1692,field_user_hand
1693,field_user_life
1694,ability_logged
1695,ability_logged
1696,field_user_creatures
1697,hidden_choice
1698,ability_logged
1699,field_user_hand
1700,ability_logged
1701,field_oppo_life
1702,forced_CAST_not_playable
1703,field_user_life
1704,forced_CAST_not_playable
1705,forced_DRAW_not_in_library_graveyard
1706,field_user_creatures
1707,field_user_creatures
1708,ability_logged
1709,ability_logged
1710,forced_DRAW_not_in_library_graveyard
1711,ability_logged
1712,ability_logged
1713,field_user_creatures
1714,hidden_choice
1715,field_oppo_life
1716,forced_SWAP_no_spare_hand_grew
1717,hidden_choice
1718,ability_logged
1719,field_user_hand
1720,forced_CAST_not_in_hand
1721,field_user_hand
1722,ability_logged
1723,field_user_hand
1724,forced_LAND_not_in_hand
1725,field_user_life
1726,ability_logged
1727,forced_CAST_not_playable
1728,field_user_life
1729,ability_logged
1730,forced_DRAW_not_in_library_graveyard
1731,ability_logged
1732,hidden_choice
1733,ability_logged
1734,hidden_choice
1735,field_user_life
1736,field_user_life
1737,forced_LAND_not_in_hand
1738,ability_logged
1739,forced_SWAP_not_in_library_battlefield
1740,forced_CAST_not_in_hand
1741,ability_logged
1742,field_user_life
1743,ability_logged
1744,field_user_life
1745,forced_LAND_not_in_hand
1746,hidden_choice
1747,forced_CAST_not_playable
1748,ability_logged
1749,ability_logged
1750,forced_CAST_not_in_hand
1751,ability_logged
1752,ability_logged
1753,ability_logged
1754,ability_logged
1755,field_user_hand
1756,ability_logged
1757,field_oppo_life
1758,ability_logged
1759,field_user_life
1760,forced_ATTACK_no_attacker_tapped
1761,hidden_choice
1762,forced_DRAW_not_in_library_elsewhere
1763,ability_logged
1764,forced_DRAW_not_in_library_graveyard
1765,field_oppo_life
1766,field_user_life
1767,ability_logged
1768,hidden_choice
1770,hidden_choice
1771,hidden_choice
1772,ability_logged
1773,forced_LAND_not_in_hand
1774,forced_CAST_not_playable
1775,forced_SWAP_not_in_library_graveyard
1776,hidden_choice
1777,field_user_hand
1778,ability_logged
1779,field_user_creatures
1780,hidden_choice
1781,ability_logged
1782,ability_logged
1783,hidden_choice
1784,field_user_hand
1785,forced_BLOCK_no_blocker
1786,forced_BLOCK_no_blocker
1787,field_oppo_life
1788,field_user_creatures
1789,hidden_choice
1790,hidden_choice
1791,forced_CAST_activate_failed
1792,hidden_choice
1793,ability_logged
1794,forced_CAST_not_playable
1795,ability_logged
1796,forced_CAST_activate_failed
1797,field_oppo_life
1798,forced_CAST_activate_failed
1799,ability_logged
1800,field_user_hand
1801,forced_LAND_not_in_hand
1802,forced_CAST_not_playable
1803,field_user_creatures
1804,forced_CAST_not_in_hand
1805,ability_logged
1806,ability_logged
1807,field_user_life
1808,forced_CAST_activate_failed
1809,ability_logged
1810,ability_logged
1811,forced_DRAW_not_in_library_graveyard
1812,field_user_lands
1813,ability_logged
1814,hidden_choice
1815,forced_DRAW_not_in_library_graveyard
1816,hidden_choice
1817,forced_LAND_not_in_hand
1818,forced_BLOCK_no_blocker
1819,field_oppo_life
1820,field_user_hand
1821,forced_CAST_activate_failed
1822,hidden_choice
1824,forced_SWAP_not_in_library_missing
1825,ability_logged
1826,forced_LAND_not_in_hand
1827,field_user_life
1828,ability_logged
1829,forced_LAND_not_playable
1830,field_user_life
1831,forced_LAND_not_in_hand
1832,forced_DRAW_not_in_library_graveyard
1833,field_user_creatures
1834,hidden_choice
1835,forced_DRAW_not_in_library_graveyard
1836,forced_CAST_activate_failed
1837,field_user_hand
1838,forced_CAST_not_playable
1839,ability_logged
1840,ability_logged
1841,field_oppo_life
1842,ability_logged
1843,field_user_life
1844,forced_BLOCK_no_blocker
1845,hidden_choice
1846,field_oppo_life
1847,ability_logged
1848,forced_DRAW_not_in_library_elsewhere
1849,field_user_creatures
1850,field_user_creatures
1851,ability_logged
1852,forced_DRAW_not_in_library_graveyard
1853,hidden_choice
1854,hidden_choice
1855,forced_CAST_not_in_hand
1856,hidden_choice
1857,hidden_choice
1858,hidden_choice
1859,hidden_choice
1860,forced_CAST_not_playable
1861,field_oppo_life
1862,hidden_choice
1863,forced_CAST_not_playable
1864,hidden_choice
1865,field_user_life
1866,forced_CAST_not_in_hand
1867,ability_logged
1868,field_user_creatures
1869,ability_logged
1870,ability_logged
1872,field_oppo_life
1873,forced_CAST_activate_failed
1874,ability_logged
1875,forced_SWAP_not_in_library_graveyard
1876,hidden_choice
1877,ability_logged
1878,forced_CAST_activate_failed
1879,field_user_life
1880,field_user_lands
1881,hidden_choice
1882,forced_DRAW_not_in_library_graveyard
1883,hidden_choice
1884,field_user_life
1885,hidden_choice
1886,ability_logged
1887,forced_CAST_not_in_hand
1888,field_oppo_hand
1889,ability_logged
1890,field_user_life
1891,field_user_life
1892,forced_LAND_not_in_hand
1893,hidden_choice
1894,forced_DRAW_not_in_library_graveyard
1895,ability_logged
1896,field_user_life
1897,hidden_choice
1898,ability_logged
1899,ability_logged
1900,forced_SWAP_not_in_library_graveyard
1901,ability_logged
1902,forced_DRAW_not_in_library_graveyard
1903,forced_CAST_not_in_hand
1904,forced_CAST_activate_failed
1905,forced_DRAW_not_in_library_graveyard
1906,field_user_creatures
1907,field_user_creatures
1908,hidden_choice
1909,ability_logged
1910,forced_DRAW_not_in_library_graveyard
1911,ability_logged
1912,field_user_hand
1913,field_user_life
1914,forced_DRAW_not_in_library_graveyard
1915,forced_SWAP_not_in_library_graveyard
1916,forced_CAST_not_playable
1917,forced_DRAW_not_in_library_graveyard
1918,field_user_creatures
1919,ability_logged
1920,field_user_life
1921,field_user_creatures
1922,ability_logged
1923,ability_logged
1924,field_user_life
1925,field_user_life
1926,forced_ATTACK_no_attacker_tapped
1927,hidden_choice
1928,hidden_choice
1929,ability_logged
1930,ability_logged
1931,ability_logged
1932,ability_logged
1933,ability_logged
1934,forced_CAST_activate_failed
1935,hidden_choice
1936,field_user_creatures
1937,forced_DRAW_not_in_library_graveyard
1938,hidden_choice
1939,forced_CAST_not_playable
1940,field_user_creatures
1941,field_oppo_life
1942,ability_logged
1943,forced_DRAW_not_in_library_graveyard
1944,field_user_creatures
1945,ability_logged
1946,ability_logged
1947,hidden_choice
1948,field_user_hand
1949,field_oppo_life
1950,field_user_life
1951,forced_BLOCK_no_blocker
1952,ability_logged
1953,forced_LAND_not_in_hand
1954,field_user_life
1955,ability_logged
1956,forced_LAND_not_in_hand
1957,forced_LAND_not_in_hand
1958,forced_CAST_not_playable
1959,ability_logged
1960,ability_logged
1961,hidden_choice
1962,ability_logged
1963,ability_logged
1964,field_user_life
1965,ability_logged
1966,hidden_choice
1967,forced_CAST_not_in_hand
1968,ability_logged
1969,field_user_life
1970,hidden_choice
1971,forced_SWAP_not_in_library_missing
1972,forced_DRAW_not_in_library_graveyard
1973,ability_logged
1974,forced_ATTACK_no_attacker_absent
1975,ability_logged
1976,forced_LAND_not_in_hand
1977,ability_logged
1978,forced_CAST_not_playable
1979,forced_CAST_not_playable
1980,ability_logged
1981,field_oppo_life
1982,ability_logged
1983,forced_CAST_not_in_hand
1984,ability_logged
1985,ability_logged
1986,ability_logged
1987,ability_logged
1988,ability_logged
1989,field_user_creatures
1990,field_user_creatures
1991,forced_LAND_not_in_hand
1992,field_user_hand
1993,field_user_creatures
1994,field_user_creatures
1995,forced_SWAP_not_in_library_graveyard
1996,field_user_creatures
1997,forced_CAST_not_playable
1998,ability_logged
1999,ability_logged
